Transect,Position,95P1,95P2,95P3,95P4,95P5,95P6,95P7,95P8,95P9,95P10,95P11,95P12,95P13,95P14,95P15,95P16,95P17,95P18,95P19,95P20,95P21,95P22,95P23,95P24
NE,1,d,d,d,d,65,33,c,d,55,d,89t,65,"2,41",d,c,d,65,c,d,d,51,d,d,c
NE,2,d,c,d,d,65,c,c,c,c,d,89t,c,41,d,c,d,65,51,c,c,"65,51",53,d,c
NE,3,d,c,89,d,65,38,c,53,c,c,89t,c,41,d,c,d,d,"87,51",c,c,"65,51",c,d,d
NE,4,d,d,d,d,65,38,c,r,c,c,c,c,41,d,c,d,c,87,c,d,"65,51",c,9,d
NE,5,d,c,d,d,65,d,c,c,c,c,c,c,r,d,c,d,c,87,d,c,"65,51",c,d,c
NE,6,c,c,d,r,65,c,d,c,c,c,89,c,d,d,c,d,c,c,d,c,51,c,d,c
NE,7,c,c,d,44,d,c,d,30,c,c,89,d,c,d,c,d,c,c,d,c,d,c,d,d
NE,8,c,r,d,d,d,c,c,c,c,c,d,d,41,d,c,d,c,c,65,c,c,c,d,d
NE,9,r,c,r,53,d,c,c,c,c,c,d,c,41,d,c,d,c,d,"65,*",c,c,c,d,d
NE,10,r,c,c,d,c,c,c,30,c,c,d,c,41,d,c,d,c,d,"65,*",d,c,c,d,d
NE,11,d,c,c,d,53,41,c,d,c,66b,d,c,c,c,c,d,53,d,*,d,c,c,d,d
NE,12,d,c,d,d,c,41,c,55,c,66b,d,d,c,d,c,d,89,87,*,d,d,c,d,d
NE,13,d,c,d,44,c,41,c,55,c,c,d,d,38,d,c,d,53,87,*,d,d,53,d,d
NE,14,d,d,d,d,d,41,c,55,c,d,d,d,38,d,c,d,d,d,*,d,d,d,88,d
NE,15,c,c,d,d,d,53,c,55,c,d,c,d,38,d,c,d,d,d,d,d,d,d,d,c
NE,16,c,r,d,d,d,55,c,55,c,89,c,d,38,d,c,d,d,d,d,d,d,88,d,c
NE,17,d,d,d,d,d,r,c,d,c,d,c,d,38,d,c,d,d,d,d,d,d,d,d,c
NE,18,c,c,89,c,d,d,c,c,d,d,c,d,38,d,c,d,d,d,c,d,d,d,d,c
NE,19,d,r,d,25,d,d,c,c,c,d,d,d,38,d,c,1,d,41,c,51,65,d,16,d
NE,20,d,44,c,r,d,c,c,r,55,d,d,d,"2,41",d,c,1,d,d,c,d,65,d,d,d
NE,21,55,d,d,44,d,44,c,88,55,d,d,d,89,c,c,1,c,d,c,51,65,d,d,d
NE,22,65,88,d,d,d,d,c,88,55,d,d,d,89,c,c,1,53,d,41,d,65,38,d,d
NE,23,65,"88,44",d,44,89,d,89,r,55,89,d,85,d,c,c,d,d,c,41,51,65,38,d,d
NE,24,65,d,89,d,89,c,89,53,55,89,d,d,d,44,c,d,d,c,41,51,65,d,d,d
NE,25,d,d,d,c,d,c,89,c,55,c,d,d,d,d,c,1,d,53,d,51,d,d,d,d
NE,26,d,d,d,c,c,c,89,c,55,c,d,d,41,d,c,d,d,c,d,51,d,d,d,d
NE,27,d,d,41,d,53,d,d,c,55,d,d,d,41,d,28,d,d,c,d,65,d,53,d,d
NE,28,d,d,41,89,c,c,d,c,55,d,d,c,d,d,d,d,d,c,d,65,d,d,d,87
NE,29,d,d,41,89,d,c,d,44,55,d,d,d,d,d,c,d,d,41,d,65,d,d,d,d
NE,30,r,c,41,d,41,c,c,d,53,66b,d,d,41,d,c,d,d,d,c,65,d,d,d,d
NE,31,44,c,41,d,d,44,d,c,53,d,d,d,41,d,c,d,d,d,d,65,d,d,d,d
NE,32,44,c,41,d,41,c,d,44,c,d,d,d,c,d,c,d,65,53,d,65,c,d,88,d
NE,33,c,44,d,d,41,c,d,44,53,d,d,d,d,d,c,d,65,65,d,65,c,d,88,d
NE,34,c,d,65,d,41,c,d,c,c,d,d,d,d,d,c,d,65,65,d,d,c,d,d,d
NE,35,c,d,65,54,c,c,d,d,c,d,d,d,d,c,c,d,65,65,d,d,c,d,d,d
NE,36,c,44,65,25,c,c,c,44,d,d,d,d,41,c,c,d,65,65,d,d,r,44,d,d
NE,37,c,r,65,d,r,c,c,c,38,c,d,c,62,d,c,d,d,c,c,d,d,d,d,51
NE,38,d,d,65,d,c,c,d,44,"65,38",c,1,c,41,d,c,c,d,c,28,c,c,d,d,51
NE,39,d,c,d,d,c,c,d,44,"65,38",d,1,d,c,d,c,c,d,d,28,c,c,d,d,51
NE,40,d,c,d,d,c,55,d,d,"65,38",d,1,d,41,d,c,c,c,d,c,c,c,d,d,51
NE,41,r,c,65,d,c,55,d,c,"65,38",d,1,d,41,d,d,c,c,d,c,c,c,d,20,d
NE,42,c,c,65,d,c,55,d,c,"65,38",44,1,d,41,d,c,c,c,c,c,c,d,55,d,d
NE,43,c,d,65,d,d,55,d,55,"65,38",d,1,d,c,d,d,d,c,c,89,c,d,55,m,d
NE,44,c,d,65,r,c,55,d,44,"65,38",66b,d,d,44,d,d,d,c,c,d,c,m,55,m,d
NE,45,r,d,d,d,c,55,d,d,"65,38",d,d,d,44,d,c,d,c,c,d,d,m,d,m,c
NE,46,44,d,c,d,c,55,d,d,"65,38",d,d,d,c,d,d,d,53,c,d,d,m,d,d,c
NE,47,c,c,r,d,c,55,d,d,65,d,d,c,r,d,d,d,d,c,d,d,m,d,d,d
NE,48,d,c,d,89,c,65,d,d,65,d,d,d,c,d,d,d,d,c,d,c,m,d,d,d
NE,49,d,d,d,d,c,c,c,d,65,d,d,d,41,d,d,d,53,c,d,53,m,d,m,d
NE,50,d,d,d,d,c,d,c,d,d,d,d,d,41,d,d,d,c,cc,30,53,m,c,m,d
NE,51,65,d,d,d,c,55,r,d,53,d,d,d,41,d,d,d,c,c,d,c,m,d,d,d
NE,52,d,c,89,d,c,55,d,89,c,d,d,d,53,d,d,d,c,c,d,d,m,d,d,c
NE,53,d,d,89,d,d,55,c,89,c,c,d,d,53,d,d,d,c,c,d,d,m,d,d,51
NE,54,d,d,d,d,d,55,d,30,c,c,d,d,c,d,d,d,44,c,d,d,m,d,d,51
NE,55,53,c,d,44,d,d,d,c,89,53,d,d,c,d,d,d,c,c,d,c,m,d,d,51
NE,56,c,d,d,d,d,d,30,53,89,d,d,d,c,d,d,d,c,c,c,d,m,d,d,51
NE,57,c,d,d,44,d,d,d,c,d,d,d,85,c,c,d,d,c,d,c,d,m,d,d,51
NE,58,d,d,d,d,d,c,c,53,c,c,d,d,c,c,d,d,c,d,30,d,m,d,d,51
NE,59,d,d,d,d,65,c,c,c,c,d,d,d,53,c,d,d,53,d,c,53,m,d,d,51
NE,60,c,d,d,44,38,55,d,53,c,d,d,d,53,d,d,d,53,d,c,c,m,53,d,51
NE,61,d,d,r,d,38,55,c,"44,89",c,d,c,d,44,d,d,d,53,d,d,d,m,d,d,d
NE,62,44,d,d,d,38,55,44,d,c,d,c,d,53,d,d,c,d,d,d,d,m,d,d,d
NE,63,d,d,d,d,38,55,c,85,c,d,c,d,53,d,d,c,d,d,d,d,m,d,d,d
NE,64,c,c,d,d,c,55,d,d,c,c,c,d,c,d,d,d,53,d,d,d,m,d,d,d
NE,65,89,d,d,d,41,55,c,d,d,c,c,d,c,d,d,d,d,"44,65",d,c,m,d,d,d
NE,66,d,d,41,c,44,55,d,d,d,d,c,d,c,d,d,d,c,65,44,c,m,53,d,d
NE,67,d,c,41,c,44,55,d,d,89,d,c,d,53,d,d,d,c,65,r,d,m,53,d,d
NE,68,d,c,41,44,99,c,d,c,89,52,c,d,d,c,c,d,d,65,d,d,m,53,d,d
NE,69,d,c,41,d,c,c,30,53,89,d,c,d,d,d,44,d,r,65,dd,65,m,d,d,d
NE,70,d,r,41,d,89,c,30,r,d,d,d,d,d,r,44,d,c,d,d,"65,44,38",m,44,d,d
NE,71,d,d,d,d,c,c,d,r,c,d,d,d,d,c,c,d,d,d,30,"65,38",m,d,d,d
NE,72,c,44,d,d,d,d,d,c,53,d,c,d,d,c,c,d,d,d,c,"65,38",m,d,d,d
NE,73,d,d,89,44,d,d,d,c,0,89,c,d,55,c,c,d,d,d,c,"65,38",m,d,d,d
NE,74,d,d,d,d,d,d,d,c,0,89,c,c,55,c,c,d,d,d,c,"65,38",m,d,d,d
NE,75,c,c,d,d,d,d,30,c,0,66b,d,c,55,c,c,d,d,c,c,"65,38",m,53,d,51
NE,76,c,d,d,d,c,d,d,c,0,66b,d,c,c,c,c,d,d,d,c,65,d,53,r,51
NE,77,53,d,d,d,d,d,d,c,0,66b,d,c,c,38,c,d,d,d,c,65,d,d,c,
NE,78,d,44,89,44,d,c,d,c,53,d,d,c,44,38,c,d,d,d,c,65,d,53,88,d
NE,79,d,d,d,d,d,c,c,c,65,d,d,d,44,38,c,d,d,d,c,"65,38",d,53,55,d
NE,80,1,44,f,d,d,d,c,c,"53,65",d,d,c,c,38,c,51,d,d,c,"65,38",d,16,d,d
NE,81,d,d,f,44,d,d,30,c,65,53,d,c,c,65,c,51,d,c,85,"65,38",d,d,d,d
NE,82,d,d,41,d,d,c,d,c,c,c,d,c,c,"65,38",d,d,d,51,c,"65,38",d,d,c,d
NE,83,d,52,d,d,d,c,d,55,c,c,d,c,c,"65,38",c,"65,51",d,51,c,c,d,88,c,d
NE,84,c,52,d,44,d,c,c,55,53,53,c,c,c,"65,38",d,"65,51",d,"65,51",c,d,c,d,c,d
NE,85,d,d,d,d,d,c,d,55,c,89,c,c,c,"65,38",d,65,55,d,c,d,c,d,c,d
NE,86,53,c,d,c,d,c,d,55,c,c,c,c,d,"65,38",d,65,55,d,c,d,c,d,c,d
NE,87,d,c,d,c,41,c,d,d,d,89,c,c,c,"65,38",d,65,55,d,c,c,c,d,c,d
NE,88,c,c,d,c,41,44,1,c,38,d,c,c,41,"65,38",d,65,55,51,44,53,c,d,c,d
NE,89,d,d,d,c,41,c,d,c,38,89,c,c,89,d,d,65,55,d,c,53,c,d,d,d
NE,90,c,r,d,c,d,c,1,44,38,c,c,d,d,d,c,c,55,51,c,53,c,d,88,d
NE,91,c,c,d,d,d,c,1,65,38,48,c,d,d,d,c,d,c,51,c,d,c,d,d,d
NE,92,c,44,d,d,d,c,d,"44,65,38",38,d,c,d,55,d,c,d,c,51,c,53,c,d,d,d
NE,93,c,r,d,c,d,c,d,"44,65,38",53,d,d,d,"98,53",d,d,d,65,51,c,53,c,d,d,d
NE,94,c,r,d,c,d,c,d,"44,65,38",d,d,51,d,98,51,d,d,65,51,c,c,c,d,d,d
NE,95,d,r,89,53,d,c,d,"44,65,38",52,d,51,d,d,51,c,d,65,51,d,d,c,d,d,44
NE,96,d,d,d,d,d,c,d,"44,65,38",52,d,51,d,c,"65,51",c,d,65,51,d,d,c,d,d,"52,44"
NE,97,d,r,65,c,d,c,c,"44,65,38",52,d,51,d,c,65,c,c,65,d,d,d,c,c,d,87
NE,98,c,r,65,d,53,c,53,"44,65,38",c,d,51,d,c,"65,51",d,c,d,d,d,d,c,c,d,d
NE,99,53,r,65,d,d,c,c,38,c,d,51,d,m,"65,51",d,d,d,d,d,88,c,c,d,d
NE,100,d,c,65,38,c,52,c,38,c,d,51,d,m,1,d,d,c,d,d,88,c,38,d,d
NE,101,d,r,"65,38",44,c,52,d,d,c,41,51,d,m,1,d,d,c,d,16,41,c,38,d,d
NE,102,89,r,65,38,c,52,d,53,52,41,51,d,m,1,d,d,c,d,d,41,53,d,d,d
NE,103,d,r,"65,38",38,c,c,d,d,52,41,d,d,m,1,d,d,c,c,44,d,d,d,d,d
NE,104,d,d,38,38,d,c,d,d,52,"41,38",d,d,d,1,d,d,25,c,c,d,d,53,d,d
NE,105,53,d,38,"65,38",d,d,d,d,53,"41,38",d,d,c,51,d,d,c,c,c,d,d,d,d,d
NE,106,d,d,d,"68,38","89,25",d,d,44,c,"41,38",d,d,c,d,d,d,c,c,c,53,d,d,d,c
NE,107,d,41,d,"65,38",25,d,d,44,44,38,d,d,c,d,38,d,25,c,c,c,d,53,d,d
NE,108,d,41,d,"65,38",25,d,1,d,c,38,d,d,30,d,38,d,25,c,d,c,d,53,d,d
NE,109,c,41,d,65,d,d,44,d,r,38,c,d,c,c,38,d,d,25,d,d,d,d,d,d
NE,110,c,d,d,65,d,d,d,d,d,38,d,d,44,c,38,d,d,d,16,d,d,d,d,d
NE,111,r,c,41,65,d,d,d,44,d,38,d,d,44,c,"65,38",d,d,d,d,d,89,d,d,c
NE,112,d,r,41,d,d,d,d,44,d,38,d,d,89,c,65,d,d,d,d,51,d,52,d,d
NE,113,d,c,41,c,d,d,d,d,d,38,d,d,89,d,38,d,d,c,d,51,d,d,d,38
NE,114,c,c,41,d,d,99,d,d,c,"44,38",d,d,44,c,d,c,d,44,d,51,d,d,d,38
NE,115,d,c,14,d,c,99,d,d,44,c,d,d,89,c,c,d,d,d,c,51,d,d,d,38
NE,116,44,r,41,d,c,99,d,"44,53",53,c,d,d,c,c,c,d,d,d,c,51,d,d,d,38
NE,117,d,r,41,d,25,99,c,53,c,d,d,d,c,c,c,d,d,d,c,d,d,d,65,65
NE,118,d,89,d,53,25,99,c,c,c,41,d,d,c,c,d,d,d,c,c,d,d,d,65,65
NE,119,d,r,89,53,d,d,d,d,c,41,d,d,c,53,c,d,25,c,c,65,d,d,65,65
NE,120,d,c,c,53,c,c,c,55,c,d,d,d,53,44,c,d,c,d,c,d,d,d,d,d
NE,121,c,c,41,d,c,99,d,55,c,d,d,d,c,44,c,d,c,65,c,d,d,d,d,d
NE,122,c,c,41,d,c,99,d,55,53,d,c,d,c,d,c,d,c,65,89,d,d,d,d,d
NE,123,d,c,41,d,r,99,c,d,c,d,c,d,c,c,c,d,c,65,d,d,d,d,d,c
NE,124,d,c,41,d,25,d,55,53,53,d,d,d,c,d,c,d,d,65,d,c,d,d,d,c
NE,125,88,c,41,53,r,d,c,d,c,41,d,d,c,d,c,d,d,65,d,44,d,d,88,c
NE,126,c,c,44,55,r,c,c,d,1,41,d,d,c,d,c,d,d,65,d,d,d,44,88,c
NE,127,53,44,d,d,25,d,c,d,m,d,d,d,c,r,c,c,53,65,d,d,16,d,99,c
NE,128,d,r,d,d,25,94,r,d,m,44,d,d,c,d,c,c,c,d,d,d,d,d,99,c
NE,129,c,r,53,d,25,d,d,d,53,d,d,d,c,d,d,c,c,c,d,d,d,d,99,d
NE,130,d,c,41,d,r,c,c,r,c,89,d,d,c,d,51,d,c,c,c,d,c,88,99,44
NE,131,c,c,41,d,r,c,d,44,c,d,d,d,c,53,51,65,d,c,c,d,d,88,d,d
NE,132,d,c,d,d,d,d,d,89,c,d,d,d,c,c,51,65,d,c,44,d,d,d,d,d
NE,133,d,d,d,25,d,c,d,c,c,41,d,d,d,c,51,"65,38",d,d,c,d,d,d,d,87
NE,134,d,89,d,d,d,94,c,"53,44",53,d,d,c,c,d,51,38,d,d,c,d,89,d,d,51
NE,135,53,d,d,d,d,94,c,89,c,d,d,c,c,d,44,d,d,d,c,d,d,d,d,51
NE,136,d,d,89,d,c,d,c,44,53,d,d,c,38,d,65,d,d,d,89,d,d,d,d,51
NE,137,d,d,89,d,d,d,c,44,c,c,d,c,38,d,d,d,65,c,89,d,c,38,d,"87,51"
NE,138,d,d,d,d,c,94,c,c,c,c,d,c,38,d,c,d,65,c,44,d,c,38,d,87
NE,139,d,r,d,d,d,94,c,c,53,41,d,d,38,d,c,d,65,c,c,d,d,38,d,c
NE,140,d,89,d,d,58,c,c,c,53,d,c,d,"65,38",d,c,*,65,c,d,d,d,d,d,c
NE,141,d,d,d,16,d,c,c,c,c,d,c,d,"65,38",d,c,d,65,c,c,16,d,d,d,c
NE,142,d,89,d,16,d,94,c,c,c,d,c,d,"65,38",65,c,d,d,c,c,d,d,d,d,c
NE,143,d,d,d,10,44,94,c,53,c,d,51,d,"65,38",65,10,d,c,c,88,d,d,d,d,81
NE,144,d,d,41,10,d,c,c,c,c,c,51,d,"65,38",65,10,d,c,c,d,20,d,d,d,"87,44"
NE,145,d,c,41,d,d,94,c,c,c,d,51,d,"65,38",c,10,d,c,c,d,d,88,d,d,d
NE,146,d,c,41,25,d,94,d,c,53,d,51,d,"65,38",d,d,d,c,c,9,53,d,c,d,c
NE,147,d,d,d,d,17a,d,d,c,c,d,51,d,"65,38",d,51,d,c,c,d,d,d,d,d,c
NE,148,53,d,41,d,17a,d,d,r,53,r,51,d,"65,38",d,51,d,53,c,d,d,d,c,d,d
NE,149,53,d,41,d,d,c,d,53,c,d,51,d,"65,38",d,51,d,c,c,c,d,53,c,99,d
NE,150,d,r,d,d,d,c,d,"44,89",d,d,51,d,c,d,51,*,c,d,c,44,c,d,99,d
NE,151,d,1,d,c,c,53,d,d,c,c,51,d,c,d,51,d,c,d,c,c,d,d,65,d
NE,152,89,1,44,c,c,c,1,c,c,d,51,c,d,44,"51,50",16,d,d,c,c,d,d,d,44
NE,153,d,1,d,53,c,c,1,d,d,d,51,d,d,44,50,89,d,d,c,c,d,d,d,d
NE,154,d,1,d,d,d,c,d,d,c,d,51,d,d,d,"51,50",89,d,d,c,c,d,d,d,d
NE,155,d,1,d,44,d,53,d,d,c,89,51,d,d,d,50,c,"65,51",d,c,c,d,d,d,44
NE,156,d,41,d,44,53,c,d,c,c,c,51,d,d,d,51,d,"65,51",d,d,d,88,r,44,44
NE,157,d,41,d,44,d,c,d,c,53,d,51,d,d,d,50,d,"65,51",d,d,d,d,d,38,d
NE,158,d,41,d,d,d,53,d,c,c,d,d,c,44,d,50,d,"65,51",c,c,d,d,d,38,87
NE,159,d,c,c,c,38,c,d,c,c,d,d,c,38,d,50,d,"65,51",c,c,d,d,d,38,87
NE,160,d,d,d,53,38,c,d,c,c,d,d,c,38,c,d,d,"65,51",1,c,d,d,d,38,87
NE,161,d,1,d,c,38,53,d,c,c,d,d,c,38,c,c,d,65,d,c,d,d,d,38,d
NE,162,44,1,d,c,38,d,d,c,c,r,d,c,38,d,c,d,d,1,c,d,d,d,38,d
NE,163,d,d,d,d,38,53,d,44,c,d,c,d,d,c,c,d,d,"1,51",d,d,d,53,38,d
NE,164,62,d,53,d,38,d,d,44,c,d,c,d,d,c,c,d,d,"65,51",d,d,d,d,38,d
NE,165,d,d,d,d,38,53,d,44,53,d,c,d,c,c,c,d,d,"65,51",d,d,d,d,38,d
NE,166,d,89,d,d,38,c,c,53,c,d,c,c,c,c,c,d,d,"65,51",d,d,d,d,38,d
NE,167,d,d,d,d,38,c,c,d,53,c,16,c,d,c,c,d,c,"65,51",d,d,d,d,38,d
NE,168,d,c,d,d,38,c,c,d,52,c,c,c,44,d,c,d,c,65,d,d,d,d,51,d
NE,169,89,d,d,16,38,d,d,53,c,d,c,c,d,53,c,d,c,51,55,44,d,d,51,d
NE,170,d,d,d,d,38,d,d,d,c,89,d,d,d,"44,52",d,d,c,51,d,d,d,d,"65,51",d
NE,171,d,d,d,d,38,d,d,c,c,d,d,d,d,c,d,d,c,d,c,53,d,d,"65,51",d
NE,172,d,d,d,53,d,d,1,c,53,d,d,d,d,c,d,d,c,d,c,d,d,d,"65,51",44
NE,173,23,c,d,d,d,53,1,c,c,55,d,d,d,c,d,d,c,d,d,44,d,55,"65,51",d
NE,174,d,d,d,c,bk?,d,1,c,53,55,d,d,d,c,d,d,c,d,d,d,d,d,"65,51",d
NE,175,d,d,89,d,14,c,1,c,53,55,d,d,c,c,c,d,c,16,d,d,d,c,"65,51",d
NE,176,d,88,d,d,d,c,1,89,c,55,d,c,c,c,c,89,c,c,d,d,38,d,"65,51",d
NE,177,53,88,d,d,c,c,d,89,c,"89,55",65,c,c,c,c,d,44,c,d,d,38,c,65,d
NE,178,c,88,d,d,c,c,d,44,c,"89,55",65,c,c,c,d,d,d,c,d,?,"65,38",c,65,d
NE,179,44,d,d,c,d,d,d,d,c,c,65,53,c,c,d,d,d,c,r,53,65,d,65,d
NE,180,d,d,d,d,c,d,d,53,53,c,d,d,c,c,d,d,d,d,d,c,65,44,d,d
NE,181,d,d,d,d,c,44,d,53,53,c,65,d,c,c,d,c,53,d,d,d,65,52,c,53
NE,182,d,d,d,d,d,44,d,d,c,c,65,d,c,c,d,c,d,51,d,d,"65,38",d,25,d
NE,183,d,d,d,d,d,d,d,d,c,c,d,d,c,c,d,69,d,51,d,d,65,d,55,87
NE,184,d,d,d,c,d,44,d,d,c,c,65,d,c,c,d,c,d,51,38,53,65,d,d,87
NE,185,d,d,d,c,c,44,d,53,c,c,65,d,c,c,d,d,d,51,38,d,d,d,d,d
NE,186,d,d,r,d,d,c,d,r,c,c,65,d,44,c,d,d,c,51,38,d,d,d,25,d
NE,187,d,44,41,d,d,c,d,d,44,c,65,d,c,44,d,38,c,51,38,d,d,53,d,87
NE,188,"89,t",44,41,d,d,c,d,c,44,d,d,d,c,c,65,"65,38",c,d,d,d,d,c,c,87
NE,189,d,c,d,44,d,53,d,r,c,d,d,c,c,d,65,"65,38,91",c,d,d,d,d,d,d,87
NE,190,d,d,d,44,d,c,55,c,c,c,d,c,c,d,65,"65,38,91",53,d,d,d,d,d,d,d
NE,191,d,d,d,d,d,c,c,89,c,c,d,c,c,d,65,"65,38",d,d,d,d,51,c,d,d
NE,192,"89,t",44,41,c,d,c,c,d,53,89,d,d,d,d,65,"65,38",d,d,d,d,d,d,d,44
NE,193,d,44,r,c,r,c,c,c,53,d,m,d,d,53,65,"65,38",d,51,d,d,d,c,d,d
NE,194,d,d,c,c,d,44,c,53,89,51,m,d,d,c,c,"65,38",85,d,c,d,d,c,d,d
NE,195,d,44,d,d,d,r,c,d,d,51,d,d,52,c,c,"65,38",d,c,c,d,d,d,d,d
NE,196,d,44,d,d,d,d,d,c,c,51,m,d,52,d,d,c,d,c,c,53,51,d,d,d
NE,197,d,44,d,d,d,d,d,44,c,d,m,97,d,d,c,c,d,d,c,d,51,d,d,38
NE,198,d,d,44,c,c,d,d,d,53,d,m,97,d,d,c,c,d,16,c,d,d,d,d,d
NE,199,d,44,d,c,d,d,d,53,c,d,d,97,d,c,c,51,53,d,c,d,d,c,d,d
NE,200,d,44,d,d,d,44,r,c,c,c,c,97,d,d,d,89,c,d,c,c,d,c,d,d
NE,201,d,d,d,d,d,d,d,c,c,53,d,97,d,13,d,51,d,d,c,c,d,c,d,d
NE,202,d,c,d,d,d,d,d,d,c,d,d,97,d,d,d,51,d,c,c,d,d,d,d,c
NE,203,d,c,d,c,d,d,d,d,c,d,d,d,44,c,51,"65,51",d,c,c,53,d,c,d,c
NE,204,91,c,d,44,d,"44,1",d,d,53,d,c,d,c,c,51,"65,51",d,d,c,d,d,d,d,d
NE,205,d,c,d,44,d,"44,1",d,53,d,r,c,d,c,c,51,"65,51",d,d,c,d,d,d,d,d
NE,206,d,c,53,44,d,c,d,44,"53,38",c,c,d,c,d,d,"65,51",d,d,c,d,d,d,d,d
NE,207,d,r,41,d,c,d,d,d,d,44,c,d,c,d,c,"65,51",d,*,c,c,d,d,d,d
NE,208,d,d,41,d,c,44,d,d,38,c,c,d,c,65,c,"65,51",d,d,c,d,d,d,d,d
NE,209,d,d,41,d,r,d,d,44,d,c,c,1,d,65,c,65,d,d,44,d,d,d,88,d
NE,210,d,d,d,53,d,c,d,"44,53",d,c,c,1,d,65,c,65,d,d,d,53,38,d,99,d
NE,211,d,d,r,d,d,c,d,d,d,r,c,c,44,65,c,65,d,d,d,d,d,d,99,d
NE,212,c,d,c,d,d,d,d,d,d,d,c,c,d,65,d,"89,65",c,*,d,d,d,d,99,87
NE,213,d,d,c,d,d,1,d,d,c,89,c,c,c,d,d,"89,65",c,9,d,51,d,d,99,87
NE,214,r,r,d,44,d,1,d,53,53,89,c,c,d,65,d,c,d,d,d,51,d,d,d,87
NE,215,c,c,d,d,53,44,d,53,d,89,c,c,d,65,d,c,d,d,44,51,d,d,d,44
NE,216,r,c,41,c,c,d,d,d,c,d,c,c,89,65,d,r,d,d,51,51,d,d,d,1
NE,217,d,c,41,d,44,44,30,d,c,d,c,c,"30,89",65,d,c,d,d,51,51,d,d,d,1
NE,218,c,c,41,44,44,65,d,c,c,d,d,d,30,c,d,d,d,d,d,51,d,9,d,d
NE,219,c,c,d,d,53,65,d,53,d,d,d,d,d,d,d,d,54,d,d,51,53,d,d,d
NE,220,c,c,c,d,d,65,d,44,53,89,d,d,d,d,50,89,54,d,c,51,c,d,d,d
NE,221,d,c,d,d,d,65,d,44,d,d,d,d,d,d,50,89,c,d,c,51,c,d,d,d
NE,222,d,d,r,d,d,c,d,44,c,d,c,d,d,d,c,89,d,d,c,51,d,d,d,1
NE,223,c,d,c,d,d,44,d,c,c,d,c,d,d,d,c,d,d,d,c,51,d,d,88,1
NE,224,c,d,d,44,44,d,d,r,c,89,c,51,d,d,d,1,d,d,c,51,d,d,88,1
NE,225,d,d,d,d,d,d,d,c,c,d,c,51,d,d,d,1,d,d,c,51,d,d,d,d
NE,226,d,d,r,44,d,d,c,53,c,53,c,51,c,d,98,1,c,d,c,51,d,d,d,d
NE,227,d,44,53,d,d,d,c,53,53,d,c,51,c,d,98,1,d,d,d,51,d,d,16,d
NE,228,d,44,d,d,d,d,d,c,53,d,c,d,c,d,d,1,d,d,d,51,d,c,16,d
NE,229,d,d,r,d,d,d,d,c,d,57,c,d,c,d,d,1,d,d,d,51,d,c,d,d
NE,230,d,c,r,44,d,d,d,d,d,d,d,51,c,53,"65,38",d,c,d,d,51,d,c,d,d
NE,231,d,c,c,d,d,d,89,d,d,d,44,51,c,65,"65,38",d,c,d,44,51,d,c,d,d
NE,232,d,c,c,d,53,c,c,d,d,d,c,51,c,65,"65,38",d,c,c,44,51,d,c,d,d
NE,233,d,d,c,d,d,19,d,c,53,d,c,51,c,65,"65,38",d,c,d,c,d,89,d,d,d
NE,234,d,d,c,d,c,d,55,d,d,d,89,51,41,65,"65,38",d,c,d,d,d,d,d,d,d
NE,235,d,d,d,44,c,c,d,d,d,d,c,d,41,65,"65,38",d,c,*,d,d,d,d,d,c
NE,236,19,d,d,44,c,c,c,d,d,c,c,c,41,c,"65,38",d,c,d,d,d,d,d,d,c
NE,237,c,d,d,d,c,44,d,d,c,c,d,c,41,c,"65,38",d,c,d,d,d,d,d,d,c
NE,238,c,d,d,d,c,d,d,53,c,c,d,c,41,c,"65,38",51,c,28,c,d,d,d,d,c
NE,239,c,44,41,c,c,d,c,53,d,d,d,c,65,c,65,"65,51",c,28,d,d,d,d,d,d
NE,240,"17,a",44,d,d,c,d,d,c,d,d,d,d,65,c,65,"65,51",d,d,c,d,89,d,88,c
NE,241,r,44,d,44,c,c,c,c,44,57,d,d,65,c,65,"89,51",53,d,c,d,89,d,88,44
NE,242,r,d,41,44,d,c,c,c,44,57,d,d,65,c,65,"89,51",c,d,c,41,d,d,88,c
NE,243,d,d,d,d,d,c,d,c,d,d,d,d,65,53,c,d,c,d,c,41,d,d,d,d
NE,244,d,c,r,d,d,c,d,c,53,d,d,d,d,53,c,d,d,65,?,d,d,d,48,d
NE,245,r,c,d,53,c,c,d,53,28,c,d,d,d,c,c,c,d,65,?,d,d,d,d,d
NE,246,d,c,d,53,c,d,d,53,28,d,c,d,d,c,c,c,d,65,c,d,d,c,d,c
NE,247,d,c,41,44,c,c,d,c,c,53,c,d,d,53,c,c,d,65,c,41,d,r,d,c
NE,248,d,d,41,c,c,c,d,53,89,48,c,d,d,c,c,c,c,65,c,41,d,55,d,d
NE,249,88,44,"41,44",d,c,c,1,53,89,d,c,d,d,d,c,c,c,65,c,d,d,55,d,87
NE,250,102,44,41,d,c,c,d,53,d,d,c,d,d,c,c,c,c,65,c,51,89,55,d,87
NW,1,d,d,d,c,d,r,d,d,c,d,89t,65,"2,41",d,c,d,65,d,c,c,51,d,d,d
NW,2,c,d,r,c,d,44,d,d,c,d,89t,"83,65",41,d,c,d,65,c,c,c,d,d,d,d
NW,3,c,c,d,c,41,d,d,d,53,d,89t,d,41,d,c,d,65,c,d,c,d,88,c,d
NW,4,c,c,c,44,"53,41",c,d,d,53,c,d,d,41,d,c,d,65,c,c,c,d,88,c,d
NW,5,44,c,d,44,41,44,d,d,r,c,d,d,r,c,c,d,65,c,d,c,d,d,d,d
NW,6,c,c,d,d,d,c,d,c,c,c,d,d,r,c,c,d,d,c,c,c,d,d,d,d
NW,7,c,c,d,d,c,c,d,c,c,c,d,d,c,d,c,d,d,c,c,c,d,d,c,d
NW,8,c,c,r,d,c,c,d,53,c,c,d,d,41,d,c,d,d,c,d,c,d,d,d,d
NW,9,c,1,r,d,41,c,d,d,c,c,d,d,41,d,c,d,c,c,d,1,d,52,d,d
NW,10,d,r,d,c,d,c,91,d,c,c,d,d,41,d,c,d,c,c,d,53,d,53,d,d
NW,11,d,c,c,d,d,c,c,d,c,c,d,d,41,c,c,d,c,c,d,c,d,53,d,d
NW,12,d,d,d,53,d,c,c,d,c,53,d,d,41,c,c,d,c,c,59,c,d,88,d,d
NW,13,c,c,d,c,53,c,c,d,c,r,d,d,41,54,c,d,c,c,d,1,d,d,d,d
NW,14,53,c,d,c,53,c,d,d,c,d,d,d,d,54,d,d,55,c,d,c,d,d,d,d
NW,15,d,"1,44",d,c,c,d,d,d,c,d,d,d,c,c,d,d,55,c,d,c,c,55,d,d
NW,16,d,c,d,c,53,d,d,53,53,d,d,d,44,d,d,d,55,c,d,d,r,55,d,d
NW,17,d,c,d,c,c,d,c,d,53,d,89,85,c,d,d,d,55,c,d,d,d,d,d,d
NW,18,c,d,d,c,c,d,c,d,c,d,d,d,41,d,d,d,d,d,d,d,c,d,d,d
NW,19,c,d,89,r,c,d,d,d,c,d,d,d,41,38,d,d,d,d,d,d,c,d,d,d
NW,20,c,d,41,c,c,d,d,c,c,d,d,d,d,38,d,d,c,d,d,d,d,d,d,d
NW,21,153,d,41,53,c,d,d,c,c,53,d,55,d,38,d,d,c,d,d,d,d,d,d,d
NW,22,c,d,"41,1",c,d,d,d,d,c,d,d,d,d,38,d,d,c,d,d,d,c,d,d,d
NW,23,44,d,1,c,55,d,d,d,d,d,d,d,d,38,d,d,c,d,d,d,c,d,d,44
NW,24,d,r,1,c,55,41,d,c,53,d,d,d,d,"44,38",d,d,d,d,16,d,c,53,16,c
NW,25,c,d,1,c,55,d,d,c,53,d,d,d,d,38,d,d,d,c,d,d,r,53,d,c
NW,26,d,d,1,d,55,d,d,53,c,d,d,d,d,38,d,d,d,c,d,d,d,d,d,d
NW,27,d,c,1,c,d,89,d,r,53,d,d,d,d,38,d,d,d,c,d,d,d,d,d,d
NW,28,d,c,d,c,d,"53,89",d,c,c,d,d,d,41,38,d,d,d,d,d,d,d,d,d,d
NW,29,d,c,1,44,c,d,d,c,d,d,d,d,44,38,d,d,r,d,d,d,d,53,d,d
NW,30,d,c,d,44,c,d,c,c,d,d,d,d,44,38,m,d,19,d,d,d,d,c,d,d
NW,31,d,d,d,c,c,d,30,c,c,d,c,d,44,38,m,c,d,d,d,d,d,d,d,d
NW,32,d,d,d,c,c,d,c,c,55,d,c,d,d,d,m,d,d,d,d,d,88,d,d,c
NW,33,d,d,41,53,d,44,d,c,55,r,d,d,d,d,m,d,r,d,d,d,d,d,d,d
NW,34,c,44,41,d,c,c,d,d,55,r,d,d,d,d,m,d,c,d,d,d,d,d,d,d
NW,35,c,44,41,c,c,c,30,c,55,d,d,d,d,38,m,d,d,d,d,c,53,c,d,d
NW,36,d,d,41,c,c,53,30,d,55,d,44,d,d,c,m,d,d,65,d,c,d,d,d,d
NW,37,44,d,d,20,c,53,c,d,55,d,c,d,d,44,m,d,c,d,d,c,53,d,d,d
NW,38,53,d,d,d,d,53,c,d,d,d,d,d,41,c,m,65,c,d,d,c,d,d,d,c
NW,39,c,r,41,c,d,d,16,d,d,d,d,d,2,c,m,"65,30",d,d,d,d,c,d,d,d
NW,40,d,c,41,c,d,d,89,d,c,c,53,d,2,c,m,"65,30",r,c,d,d,d,d,d,d
NW,41,r,c,d,d,d,d,89,d,c,89,c,11,2,d,m,"65,30",d,c,d,d,d,d,d,d
NW,42,r,c,d,44,d,38,d,d,c,d,c,11,41,d,m,38,d,d,d,d,d,d,89,d
NW,43,r,c,c,44,d,"53,38",1,52,d,d,c,d,d,c,m,38,d,d,d,d,d,53,d,d
NW,44,65,d,d,53,d,c,1,c,c,d,c,d,41,c,m,d,d,d,d,d,d,44,d,d
NW,45,d,d,89,d,d,d,1,52,d,d,c,d,41,c,m,d,c,44,d,d,d,d,d,d
NW,46,65,d,89,d,d,d,1,c,53,d,d,11,41,c,m,d,d,44,d,d,d,d,d,c
NW,47,65,c,41,c,d,d,1,d,53,c,d,11,41,c,m,d,d,c,d,d,d,d,89,d
NW,48,d,c,41,89,89,53,1,d,c,c,d,d,d,c,m,62,d,d,d,d,c,d,d,d
NW,49,1,c,41,89,89,d,1,d,53,c,d,d,38,c,m,d,c,d,d,d,c,d,d,d
NW,50,"89,1",c,41,89,89,c,"89,1",d,53,c,d,d,38,c,m,d,c,d,d,d,c,53,d,d
NW,51,"89,1",r,41,c,r,44,"89,1",53,53,c,d,d,d,c,m,d,d,c,d,d,d,d,d,d
NW,52,1,d,88,44,c,53,"89,1",d,53,c,d,d,d,d,m,91,d,c,d,d,d,d,d,d
NW,53,1,d,d,c,d,c,1,d,1,d,d,d,d,d,"65,m",d,d,44,d,d,d,d,d,d
NW,54,1,d,d,d,d,44,1,d,53,d,d,d,d,d,"65,m",d,d,d,d,d,d,d,d,d
NW,55,1,d,89,53,57,44,1,d,c,d,d,d,"65,38",m,"65,m",d,d,d,d,53,d,d,d,d
NW,56,"88,1",c,d,d,c,c,1,d,c,d,d,d,"65,38",m,"65,m",d,d,d,52,c,d,c,d,44
NW,57,1,d,c,d,c,53,1,85,c,d,d,d,"65,38",m,"65,m",d,44,d,52,c,d,c,d,c
NW,58,1,r,c,d,c,d,1,d,55,d,c,d,d,m,"65,m",d,c,c,52,c,d,d,d,c
NW,59,1,c,c,d,c,d,1,d,55,d,d,d,d,m,"65,m",d,c,c,65,c,d,d,d,d
NW,60,1,c,c,c,c,d,d,d,55,d,d,d,d,m,"65,m",d,d,44,65,d,d,d,16,d
NW,61,d,c,c,c,c,38,d,d,c,89,c,d,c,m,"65,m",d,d,d,65,c,c,r,16,d
NW,62,d,44,c,c,d,38,c,d,c,c,c,c,44,m,"65,m",62,d,44,65,c,d,c,d,d
NW,63,d,d,d,c,c,d,c,53,53,c,c,c,44,m,"65,m",d,c,d,65,c,d,d,d,c
NW,64,1,c,d,c,c,53,d,d,c,c,d,d,d,m,"65,m",d,c,d,65,d,d,d,d,c
NW,65,1,d,d,d,c,r,d,d,c,c,d,d,16,m,"65,m",41,d,d,c,d,d,d,d,d
NW,66,1,44,c,c,c,c,d,53,c,c,44,d,r,m,"65,m",d,d,d,c,53,d,d,d,d
NW,67,1,d,41,c,c,c,d,53,c,89,44,c,c,m,"65,m",d,d,d,c,d,d,53,d,d
NW,68,1,d,d,c,c,c,d,44,55,89,c,c,89,m,"65,m",d,d,d,d,d,d,d,16,c
NW,69,1,d,d,53,55,53,55,d,55,89,c,c,r,m,d,d,d,d,62,d,d,38,16,c
NW,70,d,c,d,c,55,53,"89,55",d,c,c,d,c,r,m,d,d,d,d,d,d,d,d,16,d
NW,71,1,c,41,c,55,d,"89,55",d,c,c,d,c,c,m,d,d,d,51,d,53,d,d,d,c
NW,72,d,1,d,d,55,d,c,16,23,c,d,c,c,d,d,d,d,d,d,d,d,d,d,c
NW,73,d,d,25,d,c,d,c,d,c,d,d,53,44,d,d,d,d,d,d,d,d,d,d,c
NW,74,r,d,d,d,c,d,c,55,d,16,53,c,c,d,d,d,d,65,d,d,d,d,d,c
NW,75,c,d,d,d,c,d,c,d,d,16,89,c,c,d,d,d,c,65,d,d,d,d,16,c
NW,76,d,d,d,d,c,d,d,d,d,c,89,d,c,d,d,d,48,d,d,c,d,d,16,d
NW,77,d,1,d,d,c,d,d,53,c,c,44,c,c,d,d,d,r,d,65,c,89,53,d,d
NW,78,89,38,41,d,c,d,d,d,d,d,c,d,c,d,d,53,c,51,"65,38",c,89,d,51,d
NW,79,c,38,41,25,c,d,d,c,53,d,c,d,c,d,d,d,d,51,"65,38",d,89,d,d,d
NW,80,d,38,41,25,c,38,d,c,c,d,c,d,c,d,d,53,d,d,"65,38",d,d,d,d,d
NW,81,c,65,41,c,c,38,d,d,c,"16,89",c,d,c,c,d,c,d,d,"65,38",d,d,d,d,d
NW,82,c,38,41,d,d,38,d,d,c,d,53,89,c,c,d,c,d,d,38,d,d,d,d,d
NW,83,c,38,d,d,c,38,d,d,c,89,c,d,c,c,c,c,44,d,38,d,d,d,d,d
NW,84,c,38,d,d,c,38,d,53,c,89,d,d,c,c,d,d,d,d,38,d,d,d,d,d
NW,85,c,38,d,c,c,38,d,53,53,d,d,d,c,c,d,d,d,d,38,19,d,d,d,d
NW,86,c,d,41,44,c,38,d,c,c,c,d,d,c,c,d,d,d,d,38,d,d,d,d,d
NW,87,d,38,41,c,c,"44,38",69,89,c,c,d,d,c,c,c,c,55,d,c,d,c,d,d,d
NW,88,d,38,d,c,c,38,c,d,d,c,d,d,"89,44",c,c,c,55,c,c,d,d,d,d,d
NW,89,d,38,d,53,53,c,c,d,c,c,d,d,d,c,d,9,55,c,d,d,d,88,d,d
NW,90,r,38,d,d,d,38,c,d,53,44,c,d,c,c,d,9,55,c,d,d,d,53,d,d
NW,91,d,38,d,c,30,c,c,d,53,d,53,d,c,c,d,r,51,c,d,d,d,53,d,51
NW,92,d,38,4,44,30,dd,c,d,53,d,53,d,d,c,d,r,51,c,d,51,d,d,r,51
NW,93,d,38,4,53,d,c,c,d,dd,89,53,d,d,30,c,d,51,c,c,51,d,c,d,51
NW,94,d,38,d,53,d,c,c,c,c,89,53,d,d,44,d,d,51,c,c,51,d,d,d,51
NW,95,d,d,c,9,d,c,c,c,c,89,53,c,d,44,d,c,d,c,c,d,d,d,d,d
NW,96,d,d,d,d,d,c,c,c,c,c,53,d,d,44,d,c,d,c,c,d,d,d,d,d
NW,97,41,d,d,d,d,c,c,c,c,c,53,d,d,30,c,c,d,d,c,d,d,d,51,d
NW,98,41,c,d,d,d,c,c,c,d,c,c,d,25,c,c,c,c,d,c,d,d,d,51,38
NW,99,41,c,41,d,d,53,c,c,c,c,c,d,53,c,c,c,c,d,d,d,d,c,51,38
NW,100,41,55,44,d,d,c,c,d,c,c,c,d,53,c,c,d,c,d,d,d,d,d,51,38
NW,101,d,55,44,d,d,d,*,d,c,89,c,d,d,c,c,d,c,d,d,d,d,d,51,38
NW,102,d,55,41,d,d,44,c,d,53,89,53,d,d,c,d,53,55,c,d,d,c,44,51,38
NW,103,r,55,r,c,89,d,c,d,53,d,d,d,c,44,d,d,55,c,d,d,c,d,51,38
NW,104,d,d,88,c,89,d,c,d,53,d,d,m,d,c,d,d,55,c,d,d,d,88,d,38
NW,105,c,c,d,c,89,44,c,c,30,d,d,m,d,c,d,c,55,c,d,c,d,44,d,38
NW,106,c,c,d,c,d,44,c,53,"89,+",d,d,m,d,c,d,d,c,c,38,d,d,44,d,38
NW,107,c,c,44,d,d,c,c,c,"89,+",c,d,m,d,c,d,c,c,c,38,c,d,d,d,38
NW,108,r,c,44,d,d,53,c,c,c,c,c,m,89,c,c,c,c,c,38,c,d,44,d,38
NW,109,c,c,r,d,d,c,d,c,c,c,c,m,d,c,c,d,d,c,38,c,d,44,d,38
NW,110,r,c,44,d,53,c,*,c,c,c,c,m,89,r,c,d,d,c,d,d,d,d,d,d
NW,111,r,c,c,d,53,c,c,c,c,c,c,m,89,c,c,d,53,c,d,d,d,d,d,d
NW,112,c,c,r,d,53,c,c,r,c,44,53,m,89,c,c,d,d,c,44,d,d,c,d,d
NW,113,d,d,d,c,53,c,*,d,53,44,c,m,d,c,d,d,d,d,44,d,d,d,d,87
NW,114,55,d,88,d,d,c,*,d,53,r,53,m,c,c,d,d,d,d,44,51,d,d,d,87
NW,115,55,r,d,44,c,c,c,d,53,c,53,m,53,c,d,d,d,65,d,51,d,d,16,m
NW,116,55,d,d,65,89,c,*,d,d,44,d,m,d,c,d,d,c,65,d,51,d,d,16,d
NW,117,55,d,41,65,c,c,*,44,53,c,d,m,c,51,d,d,c,65,d,51,d,53,d,d
NW,118,55,c,d,d,53,d,c,44,d,c,d,m,62,51,d,d,c,d,d,51,d,d,d,53
NW,119,55,c,d,d,c,d,c,r,c,c,d,m,c,51,d,d,c,d,d,89,d,d,d,d
NW,120,55,c,38,d,c,"53,1",c,53,53,c,d,m,c,51,d,d,r,d,d,1,d,88,d,d
NW,121,55,c,38,d,c,c,c,c,"53,55",c,c,m,c,51,d,d,c,d,16,d,88,88,"88,16",d
NW,122,55,d,38,44,c,1,c,c,"53,55",89,c,m,c,51,d,d,c,d,d,d,c,d,d,65
NW,123,55,d,d,d,c,1,d,53,55,89,c,m,d,51,d,d,c,d,d,d,d,d,d,65
NW,124,d,c,41,c,d,1,d,c,55,55,c,m,44,51,d,62,c,d,d,d,d,c,d,65
NW,125,c,c,41,d,53,"44,1",d,c,55,c,c,m,d,51,d,62,c,d,d,d,d,c,d,65
NW,126,c,r,41,d,c,"44,1",d,53,55,c,53,m,c,51,c,62,c,d,r,d,d,d,d,d
NW,127,d,r,41,d,53,1,d,c,65,38,d,m,d,51,c,d,r,d,d,53,d,d,d,d
NW,128,d,44,d,9,c,1,d,c,"44,55",38,d,m,c,51,c,d,d,d,d,c,d,88,c,d
NW,129,d,d,d,d,53,"44,1",d,c,53,38,c,m,d,51,d,d,d,d,d,d,c,c,d,d
NW,130,d,c,41,d,d,"44,1",d,c,53,38,c,m,16,51,d,9,d,d,20,c,d,d,d,d
NW,131,d,d,41,c,53,1,d,c,d,38,c,m,d,51,d,d,c,d,c,d,c,d,d,d
NW,132,89,d,41,55,r,1,d,c,44,38,53,m,d,"65,51",d,d,d,d,c,d,c,d,d,d
NW,133,89,44,41,55,d,c,d,c,d,d,d,m,d,"65,51",d,d,d,51,d,d,d,53,d,d
NW,134,89,d,41,55,c,r,d,53,53,d,d,m,44,65,d,d,d,51,d,d,51,d,c,d
NW,135,89,c,41,d,d,53,d,d,53,c,53,m,44,c,d,d,d,51,d,d,51,88,d,c
NW,136,d,c,d,55,d,53,d,c,d,89,d,m,c,c,d,d,d,51,44,d,51,88,d,c
NW,137,d,d,d,55,c,c,d,30,c,c,d,m,c,d,d,d,d,51,d,c,51,c,d,c
NW,138,c,d,d,c,d,c,*,30,c,c,c,m,d,d,d,d,48,d,d,d,51,d,d,d
NW,139,r,c,d,d,d,c,r,30,c,c,c,m,d,d,d,d,53,d,44,d,51,c,d,d
NW,140,r,c,38,c,d,c,c,30,c,c,d,m,d,d,c,d,55,d,d,d,51,d,d,d
NW,141,d,d,38,c,c,c,d,d,53,c,d,m,d,d,c,d,55,d,d,d,51,d,d,d
NW,142,d,c,"65,88",c,c,c,1,44,d,c,d,m,d,d,c,d,55,d,d,d,51,m,d,d
NW,143,d,d,"65,88",c,c,c,1,d,d,c,d,m,d,d,c,d,55,d,d,d,51,d,d,d
NW,144,d,c,65,c,c,44,1,30,d,c,d,m,d,c,d,89,c,d,d,d,d,m,d,53
NW,145,d,c,65,44,c,r,1,c,d,c,d,m,d,d,44,d,c,d,d,d,d,d,9,d
NW,146,d,c,d,c,23,53,1,30,d,"89,38",d,m,44,d,44,d,c,d,d,16,d,d,16,d
NW,147,41,r,d,d,c,53,1,c,d,38,d,m,d,d,d,89,c,d,d,16,d,53,r,d
NW,148,41,d,d,d,23,d,"41,1",53,d,38,53,m,c,d,d,c,d,d,65,d,d,d,d,d
NW,149,41,88,41,d,d,d,"41,1",d,d,38,c,m,c,c,52,19,44,d,65,d,d,d,d,d
NW,150,41,c,41,d,d,44,"41,1",d,c,"65,38",c,m,44,c,d,d,55,d,65,d,d,d,r,d
NW,151,d,c,d,little plant,47,d,1,d,c,"65,38",d,m,d,c,d,d,"55,1",d,65,d,d,d,d,d
NW,152,d,d,d,d,d,d,1,d,c,65,d,m,d,c,d,d,d,d,65,d,d,13,c,c
NW,153,17a,d,d,44,d,d,89,d,53,53,d,m,d,d,d,d,d,d,65,d,d,d,c,c
NW,154,53,d,d,c,c,d,*,d,53,c,d,m,d,r,d,d,d,d,d,d,d,d,d,c
NW,155,d,c,d,c,c,53,d,c,d,c,c,m,d,r,d,d,d,d,c,53,d,"53,44",d,c
NW,156,d,c,d,d,d,d,1,c,d,c,c,m,c,c,d,d,d,44,d,d,d,44,d,c
NW,157,d,c,65,d,d,c,1,c,d,c,c,m,c,c,d,c,d,d,d,1,d,d,d,c
NW,158,c,98,d,44,d,c,1,c,53,c,53,m,c,c,c,c,d,d,d,1,d,d,r,c
NW,159,53,c,d,d,d,c,1,c,53,c,c,m,c,c,c,r,c,d,d,1,d,d,d,c
NW,160,d,c,d,d,d,c,1,d,"53,38",c,d,m,c,c,c,c,c,d,d,c,53,d,d,d
NW,161,d,d,d,d,d,c,1,d,38,c,d,m,d,c,d,c,d,d,d,d,d,d,d,44
NW,162,d,d,d,d,53,c,1,c,"16,38",c,53,m,d,d,d,c,25,d,d,d,d,d,d,d
NW,163,c,c,d,d,d,89,d,c,"16,38",d,53,m,c,d,d,c,d,d,c,51,d,d,d,d
NW,164,d,c,d,d,d,c,d,c,16,c,d,m,44,44,d,d,d,d,d,51,d,c,d,d
NW,165,d,44,d,d,d,c,d,d,38,c,d,m,"53,2","65,38",d,d,c,d,d,51,d,c,d,d
NW,166,d,c,d,d,d,c,d,c,38,c,d,m,"44,2","65,38",d,d,c,d,d,51,d,c,d,d
NW,167,d,44,d,44,d,c,r,c,38,c,53,m,"53,2","65,38",d,d,89,d,d,51,d,c,d,c
NW,168,d,c,d,44,d,81,r,1,38,c,d,m,"53,2","38,51",d,c,d,d,d,51,d,d,38,d
NW,169,c,c,d,d,d,53,c,d,38,c,d,m,"44,2","38,51",c,c,d,d,d,51,d,d,38,d
NW,170,d,c,d,d,d,c,r,1,8,c,d,m,53,"38,51",c,d,d,d,d,51,d,d,38,d
NW,171,d,d,d,c,c,d,c,1,38,c,89,m,d,"38,51",c,d,d,d,d,51,d,53,"38,51",d
NW,172,d,c,d,d,c,r,c,1,38,c,53,m,44,51,c,d,d,d,c,d,d,d,,c
NW,173,d,44,d,c,d,d,c,1,38,c,d,41,d,51,c,d,d,d,c,d,51,d,51,c
NW,174,d,d,d,d,d,d,65,1,38,c,d,m,d,51,d,d,d,d,c,d,51,d,"65,51",c
NW,175,d,d,d,44,d,d,65,1,38,c,d,m,c,51,d,d,d,d,c,d,51,c,51,c
NW,176,53,c,d,c,d,44,65,1,38,c,d,m,52,51,d,d,d,"65,51",c,d,51,c,51,c
NW,177,d,d,d,44,d,c,38,1,38,c,89,d,52,51,d,d,d,65,44,d,51,d,51,c
NW,178,r,c,d,d,d,r,"65,38",1,"89,38",c,1,d,52,51,d,d,c,65,c,d,51,d,d,c
NW,179,d,c,d,d,d,c,38,1,"89,38",c,1,d,52,51,d,d,c,65,c,d,51,d,d,89
NW,180,r,c,d,d,d,d,38,1,"25,38,89",c,1,d,c,"65,51",d,d,c,51,d,c,51,d,d,44
NW,181,c,c,38,d,d,d,38,1,"25,38,89",c,1,d,c,"65,51",d,d,d,d,d,c,65,d,d,44
NW,182,53,d,38,d,d,d,38,"63,1","25,38,89",c,1,d,1,"65,51",d,d,c,51,9,c,d,53,d,d
NW,183,c,d,38,d,c,d,c,1,d,c,1,c,1,"65,51",c,d,d,51,d,c,d,d,c,c
NW,184,d,r,38,d,c,d,c,20,d,c,1,c,1,51,c,d,d,51,d,d,d,d,c,c
NW,185,d,d,38,44,c,d,c,d,d,c,1,c,1,c,c,d,d,51,d,d,89,d,d,c
NW,186,d,d,38,d,c,38,c,d,d,53,1,c,c,c,d,51,d,51,d,d,d,d,c,c
NW,187,41,c,38,d,c,38,c,31,d,c,d,c,c,c,d,51,c,51,20,d,d,d,c,c
NW,188,41,c,d,d,c,38,c,31,d,c,d,c,d,c,d,51,c,d,d,d,c,d,c,c
NW,189,d,d,41,d,c,38,c,1,d,c,53,c,d,c,d,51,c,d,d,d,53,d,d,d
NW,190,d,c,d,d,c,38,c,1,44,c,53,c,d,c,d,51,c,d,d,d,d,44,d,d
NW,191,d,c,d,44,c,38,89,44,d,c,c,44,d,c,d,51,53,d,d,d,d,d,d,d
NW,192,d,38,53,d,d,38,89,c,89,c,c,d,53,c,d,51,53,d,d,d,d,c,d,c
NW,193,41,38,53,44,d,38,c,c,89,c,c,d,d,c,51,51,53,d,d,d,d,c,d,c
NW,194,"41,38",38,d,d,d,38,c,c,"44,89",d,c,d,c,c,51,51,c,d,d,d,c,d,d,d
NW,195,38,38,c,d,d,38,c,c,89,d,c,44,c,89,51,51,d,d,d,d,c,d,d,d
NW,196,"44,38",d,d,d,d,"53,38",c,55,d,d,53,44,c,c,51,51,d,d,d,d,d,d,d,d
NW,197,38,38,d,d,d,c,d,"53,55",c,d,53,d,c,30,51,51,c,d,9,d,d,d,d,1
NW,198,41,38,d,d,d,d,d,d,c,c,c,c,c,c,51,51,c,d,9,c,41,d,d,
NW,199,d,d,d,d,d,d,d,d,53,c,53,65,d,d,51,51,c,d,c,d,41,d,d,d
NW,200,d,d,d,9,d,d,d,c,53,c,d,65,d,d,51,51,d,d,c,d,41,d,d,d
NW,201,d,d,41,d,c,53,d,c,c,c,d,65,d,30,511,d,d,d,d,53,41,d,d,d
NW,202,d,c,41,c,89,53,1,c,c,c,d,65,d,c,44,d,d,d,d,d,d,d,d,89
NW,203,d,d,41,44,89,53,1,c,53,c,d,65,c,c,d,d,d,d,d,d,d,d,d,d
NW,204,d,c,41,d,d,c,1,c,c,c,d,65,c,30,c,d,d,d,16,d,41,r,d,d
NW,205,d,r,41,d,d,53,1,c,c,c,d,65,c,30,c,d,d,d,16,53,41,d,d,c
NW,206,d,d,41,d,53,53,1,c,c,d,d,d,r,d,c,d,d,d,d,d,41,d,d,d
NW,207,d,d,41,65,53,c,1,c,c,53,d,d,d,d,c,d,19,d,d,d,41,d,88,d
NW,208,d,d,d,65,53,53,1,1,c,c,d,d,d,89,c,d,d,d,d,d,c,65,d,d
NW,209,17a,d,d,d,53,d,1,1,53,c,38,d,d,89,c,38,d,d,62,d,41,65,d,d
NW,210,c,d,d,38,c,d,1,c,c,d,38,d,53,89,c,38,d,d,d,d,53,65,d,c
NW,211,d,d,d,38,c,53,d,c,c,d,d,d,c,89,c,38,d,d,d,d,d,d,51,c
NW,212,d,d,d,38,c,44,89,c,53,d,d,d,d,c,c,38,d,c,d,d,c,65,51,c
NW,213,d,c,d,38,c,38,d,c,c,d,d,d,d,c,c,38,d,c,d,53,c,d,"65,51",d
NW,214,d,d,d,"44,38",c,38,1,c,53,d,d,d,d,30,c,38,d,51,d,53,c,44,"65,51",1
NW,215,d,c,d,"44,38",c,38,c,c,c,c,44,d,d,c,c,44,d,51,d,d,c,d,"65,51",1
NW,216,c,d,d,"44,38",30,38,c,53,c,d,d,d,1,c,c,d,d,51,d,d,c,d,"65,51","53,1"
NW,217,d,d,d,c,c,38,c,c,53,c,d,c,c,c,c,d,d,51,d,c,d,d,"65,51",c
NW,218,d,d,d,d,c,"44,38",c,d,53,r,d,c,c,c,c,d,d,d,89,r,d,c,"65,51",d
NW,219,d,d,d,c,"53,30","44,38",c,d,c,c,d,d,c,c,c,44,d,d,d,d,51,d,"65,51",d
NW,220,d,d,d,d,c,"44,38",89,c,53,c,d,52,d,c,c,44,d,d,51,d,51,88,65,d
NW,221,d,d,1,d,53,"44,38",c,c,c,r,d,52,c,c,c,d,d,d,d,d,51,d,65,c
NW,222,d,d,d,d,c,"44,38",c,c,c,d,d,52,d,c,d,d,d,d,d,d,51,d,d,d
NW,223,d,d,d,c,c,38,53,r,"53,m",r,85,52,44,c,d,d,d,d,d,r,51,1,d,d
NW,224,d,d,1,44,c,38,d,c,m,c,d,52,d,c,d,41,d,d,d,d,51,1,c,d
NW,225,d,d,1,89,c,44,c,r,m,"65,44,38",d,52,d,c,d,d,d,d,d,d,d,1,c,"53,1"
NW,226,d,c,1,"44,89",c,c,d,d,m,"65,44,38",d,d,c,c,d,41,d,51,d,d,d,d,c,1
NW,227,d,c,1,c,"53,89",c,d,d,m,"65,44,38",c,d,c,c,d,d,d,51,d,d,d,d,d,1
NW,228,d,c,d,c,d,c,d,d,m,65,c,d,c,c,d,44,d,51,d,d,d,d,d,"55,1"
NW,229,d,c,1,c,d,53,d,d,m,d,53,d,c,d,d,d,d,d,d,d,c,53,d,1
NW,230,d,d,d,d,98,c,d,65,"38,m",d,d,d,1,d,d,d,d,38,d,d,c,d,d,1
NW,231,d,89,d,d,98,c,d,"28,38","89,m",d,c,d,d,d,d,d,d,38,d,38,c,d,d,1
NW,232,d,89,1,d,c,c,d,"28,38",m,d,53,d,d,d,d,d,d,38,d,38,c,44,d,1
NW,233,d,c,1,c,c,c,d,"28,38",m,d,55,d,c,d,d,d,d,38,d,38,d,c,d,1
NW,234,d,d,1,d,c,c,d,d,m,r,d,1,d,65,d,d,d,38,d,d,d,d,d,1
NW,235,c,d,1,d,98,c,d,38,m,r,d,1,d,65,d,d,d,"65,38",d,d,d,d,d,1
NW,236,c,d,1,d,d,44,44,38,89,c,d,1,d,65,d,d,d,"65,38","48,9",d,d,d,d,1
NW,237,41,d,1,d,d,c,d,65,m,c,d,1,c,65,d,16,d,"65,38",d,d,d,c,d,1
NW,238,41,c,1,d,98,d,c,65,m,"53,44",c,1,d,65,d,16,d,"65,38",d,d,d,c,d,1
NW,239,41,d,1,"89,44",c,53,c,65,m,r,c,1,c,65,d,16,d,"65,38",19,d,d,c,d,1
NW,240,41,c,1,89,c,53,c,c,m,c,c,1,r,51,d,16,d,"65,38",d,d,d,d,d,1
NW,241,"55,41",d,1,c,c,53,44,d,m,c,c,1,c,51,d,d,d,"65,38",d,d,d,d,d,1
NW,242,"55,41",c,1,44,53,"53,1",c,44,m,c,c,1,c,d,69,d,d,"65,38",d,d,d,d,d,1
NW,243,41,d,1,89,98,53,c,d,55,c,c,1,c,d,53,d,d,38,d,d,d,d,d,1
NW,244,41,d,1,89,98,d,c,44,55,44,53,1,c,d,d,16,d,d,d,d,d,16,d,1
NW,245,r,d,1,89,r,c,c,1,55,c,c,1,c,d,d,d,d,d,16,d,c,d,d,1
NW,246,d,d,1,38,c,c,c,r,"55,m",c,53,1,c,c,d,d,d,d,16,d,c,d,d,1
NW,247,c,d,1,38,c,53,c,d,"55,m",c,d,1,d,53,d,d,53,d,16,d,d,d,d,1
NW,248,c,d,1,d,c,d,c,1,c,c,53,1,d,c,d,d,53,d,16,c,d,d,d,"85,1"
NW,249,d,89,44,d,53,53,c,1,m,c,d,d,d,53,d,d,c,1,16,d,d,d,d,d
NW,250,d,d,d,d,c,c,d,1,c,c,53,d,d,53,1,d,c,1,16,d,d,d,d,d
SE,1,44,d,41,,d,d,d,17a,53,d,d,65,1,c,c,d,d,51,d,d,51,,d,d
SE,2,17a,c,41,c,89,d,d,53,53,d,d,65,1,c,c,91,d,51,d,d,51,,d,d
SE,3,d,c,d,c,23,d,d,c,d,d,d,65,41,c,c,16,d,51,d,d,51,,d,d
SE,4,c,c,c,c,d,d,d,c,53,d,d,d,41,c,c,"91,16",d,51,16,c,51,r,d,d
SE,5,d,c,41,d,d,d,d,c,53,d,d,d,41,c,c,d,r,51,41,d,d,53,d,d
SE,6,d,c,c,d,d,d,d,c,c,d,c,d,c,c,c,d,c,51,d,d,d,,d,d
SE,7,44,c,d,d,d,41,d,c,c,d,c,d,c,c,c,d,c,51,53,d,d,,d,d
SE,8,d,c,c,d,d,41,d,c,89,c,d,d,c,c,c,d,c,51,d,d,d,,d,d
SE,9,d,c,d,d,44,41,d,53,c,c,d,d,r,c,c,d,d,51,c,d,d,,d,c
SE,10,d,d,r,44,d,d,89,c,53,d,d,d,c,c,c,d,d,51,d,d,d,,d,d
SE,11,1,d,r,85,d,44,d,d,53,d,d,d,c,c,c,c,d,d,d,d,c,,89,d
SE,12,1,d,d,c,d,38,d,d,53,d,d,d,c,c,d,d,d,d,d,d,d,,d,d
SE,13,1,d,d,c,d,d,d,d,c,d,d,c,c,c,d,d,d,d,d,d,d,,d,d
SE,14,1,d,89,c,d,d,1,44,53,d,d,d,c,d,d,49,d,d,d,d,d,,d,d
SE,15,1,d,38,d,d,d,d,38,c,d,d,d,c,d,44,d,d,d,d,d,c,,d,d
SE,16,1,1,38,53,d,d,c,38,d,d,d,d,d,d,44,d,d,d,38,d,c,53,d,d
SE,17,1,"44,1",d,44,d,d,c,d,c,d,d,d,d,d,c,r,d,d,38,d,c,,d,d
SE,18,1,1,d,44,d,d,c,d,c,d,d,d,d,d,c,d,d,44,38,d,c,,d,d
SE,19,1,1,d,d,44,44,1,d,c,d,d,d,53,89,c,c,53,53,38,d,d,,88,d
SE,20,d,1,d,44,d,53,1,1,c,d,c,d,d,c,c,d,d,d,38,d,d,,d,d
SE,21,"89,1",1,d,44,d,c,1,1,c,d,d,d,38,c,44,d,d,c,38,d,d,,d,c
SE,22,1,1,d,d,d,d,1,d,c,d,d,d,38,c,44,d,d,c,38,d,d,53,d,c
SE,23,"89,1",88,d,d,d,d,1,d,c,d,d,d,38,c,d,1,d,51,38,d,d,,d,d
SE,24,d,88,d,d,d,d,"44,1",d,c,d,d,d,d,c,d,98,d,51,38,d,55,,89,d
SE,25,1,88,d,d,87,d,1,c,c,r,d,d,d,c,d,d,d,51,38,d,55,,d,d
SE,26,1,d,d,d,87,44,1,d,c,c,d,d,44,c,d,d,d,51,38,53,55,c,d,d
SE,27,1,d,d,d,87,53,1,55,c,d,d,c,d,c,d,d,d,51,38,d,88,,d,d
SE,28,c,d,d,d,41,d,1,55,53,d,c,c,d,c,d,d,d,51,38,44,88,,d,d
SE,29,c,d,d,d,41,d,1,55,55,r,c,d,44,d,d,d,d,51,38,44,d,,d,d
SE,30,c,1,d,d,53,d,d,55,c,89,d,d,44,d,24,d,d,51,38,44,d,,d,d
SE,31,c,1,d,d,53,d,c,55,c,d,c,d,c,d,c,d,d,51,"51,38",d,d,53,d,d
SE,32,c,"44,1",d,d,d,44,d,55,c,d,c,d,c,d,d,89,d,51,"51,38",c,d,,d,d
SE,33,c,1,d,d,d,53,d,d,c,d,c,d,53,d,d,89,53,51,"51,38",d,c,,d,d
SE,34,1,1,d,d,d,d,d,c,53,44,c,d,c,d,d,d,53,51,"51,38",d,c,,d,d
SE,35,17a,1,88,44,d,c,d,d,c,c,c,85,d,d,d,d,d,c,38,d,d,,d,d
SE,36,c,1,88,c,d,53,d,89,53,d,d,d,d,c,d,d,d,c,38,c,c,38,d,d
SE,37,d,1,88,c,d,d,d,c,d,d,53,d,d,c,d,d,44,d,38,c,c,38,d,c
SE,38,d,1,d,d,87,d,d,c,c,47,c,d,d,c,d,d,44,51,d,d,c,38,d,d
SE,39,d,1,d,d,87,41,d,89,d,d,c,d,c,c,d,d,d,"65,51",d,d,d,38,d,d
SE,40,d,1,d,d,87,41,d,d,c,89,c,d,53,c,d,d,d,"65,51",16,d,d,38,d,c
SE,41,d,1,c,55,87,d,d,53,53,c,d,d,53,d,d,d,44,"65,51",53,d,d,38,d,c
SE,42,d,1,d,55,d,41,d,53,c,d,c,53,c,d,c,d,c,"65,51",53,d,c,38,d,c
SE,43,44,1,d,d,d,41,1,d,c,d,d,53,53,d,c,d,r,"65,51",c,d,d,44,d,c
SE,44,d,1,c,d,d,41,d,53,c,38,d,d,53,d,c,d,53,"65,51",16,d,d,,d,d
SE,45,d,1,48,d,89,53,dd,d,c,38,d,53,53,d,c,d,r,"65,51",16,d,d,53,53,c
SE,46,d,1,d,d,89,d,d,d,53,38,51,d,53,c,c,d,c,"65,51",16,d,c,,d,d
SE,47,c,1,d,d,d,53,d,53,d,"89,38",51,d,c,c,d,d,c,"65,51",16,d,c,,d,d
SE,48,r,1,d,d,c,89,d,c,"89,53",38,"65,51",d,53,c,c,d,53,"65,51",d,53,c,,d,d
SE,49,d,1,d,d,c,c,d,c,"89,53",38,"65,51",d,53,c,c,d,d,"65,51",d,c,c,,d,d
SE,50,d,1,c,d,c,53,1,53,d,d,"65,51",d,d,c,c,d,d,"65,51",d,c,r,,d,d
SE,51,c,d,c,d,c,53,d,d,c,d,"65,51",d,d,c,c,c,d,"65,51",d,c,51,,d,d
SE,52,c,d,d,d,c,r,d,d,d,d,"65,51",d,c,c,c,c,d,d,d,c,51,,c,d
SE,53,65,d,d,d,c,c,d,d,c,d,"65,51",d,53,c,c,c,d,d,d,c,d,,c,d
SE,54,d,d,c,d,d,c,89,d,c,d,"65,51",d,c,c,d,d,d,d,c,c,d,,51,d
SE,55,d,d,d,d,d,d,89,c,c,d,"65,51",d,d,c,d,d,d,d,d,c,d,,d,d
SE,56,d,d,d,d,d,d,"89,1",53,c,d,"65,51",16,d,51,d,d,53,d,d,c,55,,d,d
SE,57,d,d,d,44,44,d,1,d,c,d,"65,51",16,d,51,d,d,53,d,c,53,55,,d,m
SE,58,c,d,c,c,44,c,1,d,d,d,"65,51",d,c,d,d,d,c,16,d,d,d,52,51,m
SE,59,d,d,d,d,44,c,1,d,d,d,"65,51",d,c,d,d,d,53,d,d,d,d,,"65,51",d
SE,60,d,dr,d,d,d,d,1,d,c,d,d,d,53,51,d,d,d,d,d,53,d,,65d51,d
SE,61,d,r,d,d,d,c,1,1,53,d,d,d,d,51,m,c,d,d,d,c,d,44,"65,51",d
SE,62,d,r,d,d,d,c,1,d,53,d,d,53,44,51,m,c,d,51,d,c,d,,d,d
SE,63,44,r,89,d,1,c,1,d,53,d,d,d,d,51,m,d,d,51,d,c,d,,51,d
SE,64,d,d,c,d,1,d,1,53,c,d,d,d,53,51,c,d,53,"65,51",d,d,d,,51,d
SE,65,d,d,c,d,1,d,1,d,d,c,89,d,53,"m,51",c,d,c,"65,51",1,44,d,,d,d
SE,66,d,"41,38",53,d,1,c,1,d,d,d,d,d,c,m,d,c,c,"65,51",1,c,d,,d,d
SE,67,d,38,c,d,1,d,1,53,53,d,c,89,c,c,d,c,c,"65,51",d,d,d,,d,d
SE,68,d,38,d,d,1,d,d,c,53,d,c,d,53,c,44,c,c,"65,51",d,53,d,,d,d
SE,69,d,38,d,d,c,d,d,d,r,d,c,7,d,m,d,c,c,"65,51",d,r,d,,d,d
SE,70,c,38,d,44,53,53,d,d,d,89,c,d,97,m,d,c,c,"65,51",d,c,d,,d,7
SE,71,53,d,41,44,44,53,d,d,d,89,c,7,97,m,d,c,d,"65,51",d,c,d,,62,7
SE,72,53,d,41,44,d,c,d,d,d,d,c,d,97,m,d,c,d,"65,51",d,88,d,55,d,d
SE,73,d,r,41,c,44,53,d,d,r,d,14,7,"44,97",m,d,c,65,"65,51",d,c,65,,d,d
SE,74,r,d,d,c,d,53,d,53,53,r,d,d,"44,97",m,d,r,65,"65,51",d,53,d,,d,d
SE,75,d,41,"83,88",c,d,c,d,c,r,c,d,d,"44,97",m,d,c,65,"65,51",d,d,d,44,d,d
SE,76,d,41,53,44,1,d,d,c,c,d,d,d,44,m,d,c,65,"65,51",d,c,d,,d,d
SE,77,c,41,c,c,r,d,51,c,c,r,d,53,d,m,d,c,"65,38","65,51",d,c,d,,d,d
SE,78,c,41,c,c,c,d,51,c,53,d,d,d,d,m,m,89,"65,38",65,d,c,d,88,d,d
SE,79,c,41,89,c,c,d,51,c,53,d,d,d,d,m,m,r,"65,38",65,d,d,d,53,88,d
SE,80,r,41,89,c,d,c,51,c,c,?,d,d,d,m,m,d,"65,38",65,d,d,d,88,d,d
SE,81,c,41,d,c,d,c,51,c,d,48,d,c,d,m,d,d,"65,38",65,r,d,d,,d,d
SE,82,c,41,d,89,d,c,51,c,55,d,d,c,d,m,d,d,"65,38",88,c,44,d,r,88,d
SE,83,44,41,c,44,d,c,51,c,c,d,d,c,c,m,d,d,"65,38",88,d,d,d,,88,c
SE,84,30,41,57,c,89,53,51,d,c,d,d,d,44,m,c,d,"65,38",88,r,c,d,r,d,c
SE,85,30,41,d,44,89,c,51,d,53,d,d,d,44,m,c,9,d,88,d,c,d,,d,d
SE,86,c,c,d,82,c,c,51,d,c,d,d,65,c,m,c,51,d,c,d,d,65,r,d,16
SE,87,c,c,d,c,d,44,51,d,c,c,c,65,r,m,c,51,d,c,d,d,d,,d,d
SE,88,30,d,d,c,d,d,51,d,c,c,c,65,c,m,c,51,d,44,d,16,d,,d,d
SE,89,d,d,44,c,41,d,51,c,c,c,c,65,53,m,c,51,c,d,d,d,d,88,d,d
SE,90,c,88,c,c,41,d,51,c,c,c,d,65,"53,1",m,c,51,c,c,d,d,d,,d,d
SE,91,c,d,c,c,c,44,51,c,c,c,d,d,"53,1",m,c,51,c,87,d,47,d,16,d,16
SE,92,95,38,c,d,c,d,d,c,c,c,55,d,1,m,c,51,c,87,d,c,88,16,d,16
SE,93,d,38,c,d,d,65,d,c,c,c,c,d,1,m,c,51,c,87,d,d,88,98,d,d
SE,94,30,38,c,d,c,65,d,53,c,c,c,d,1,m,c,51,c,87,d,d,88,,d,d
SE,95,c,41,89,53,c,65,d,d,c,d,c,d,"44,1",m,d,51,c,87,d,d,d,,d,d
SE,96,c,41,d,c,25,d,d,53,c,d,d,d,1,m,d,51,c,65,c,c,d,,53,d
SE,97,r,41,44,d,25,53,d,55,c,d,d,d,"53,1",m,d,51,c,65,c,53,d,88,d,d
SE,98,c,41,88,d,44,c,d,55,53,38,d,d,"53,1",m,d,51,c,65,d,88,d,,d,d
SE,99,c,d,d,d,d,c,d,55,53,d,c,65,44,m,d,d,c,65,d,c,d,88,d,d
SE,100,30,1,d,d,d,c,d,c,53,d,d,65,53,m,c,d,c,d,c,d,d,,d,d
SE,101,c,1,d,d,d,d,1,c,c,d,c,65,d,m,d,d,53,d,d,d,d,,d,d
SE,102,62,1,c,d,c,d,1,c,c,d,c,65,d,m,d,d,d,c,d,d,d,,d,d
SE,103,30,1,c,d,c,d,1,c,r,44,c,d,d,m,d,d,d,c,d,r,89,,d,d
SE,104,c,1,c,d,c,d,1,c,d,d,c,c,1,m,d,c,d,c,d,c,d,,d,d
SE,105,d,d,d,d,1,d,1,c,d,c,65,c,1,m,c,c,53,c,d,d,d,,d,d
SE,106,d,r,d,38,1,d,1,c,41,c,"65,1,51",c,1,m,d,d,d,c,88,16,d,44,d,54
SE,107,d,41,38,c,1,d,1,c,41,c,"65,1",c,1,m,d,d,44,c,c,r,38,,53,54
SE,108,d,41,38,c,1,d,d,c,41,r,65,c,d,m,d,c,c,c,d,d,38,"53,44",d,d
SE,109,c,41,d,c,d,41,1,44,c,d,"65,1",c,91,m,d,c,d,c,d,d,d,,d,d
SE,110,53,41,d,c,d,41,1,r,c,89,"65,51",c,d,m,c,c,d,c,d,d,"65,38",r,d,c
SE,111,c,41,d,c,d,41,1,c,53,"89,9","65,51",c,d,m,c,d,d,c,d,d,65,,d,c
SE,112,d,41,d,c,r,d,1,55,d,98,"65,51",d,d,m,c,d,d,c,d,d,65,,d,c
SE,113,d,41,d,c,c,d,"44,11",c,d,r,"65,51",d,d,m,c,d,44,c,d,d,65,c,d,44
SE,114,c,d,44,d,c,c,1,53,d,c,"65,51",d,53,m,c,d,d,c,d,c,65,,1,d
SE,115,c,44,44,d,d,c,1,c,52,d,d,89,c,m,d,c,d,c,88,c,d,,1,d
SE,116,d,44,c,d,41,c,1,c,52,c,d,d,d,m,d,c,d,c,c,c,d,c,1,d
SE,117,65,d,44,d,41,d,1,c,52,d,c,d,38,d,97,d,d,d,c,c,d,,1,d
SE,118,65,d,44,d,41,d,1,c,52,d,d,d,38,d,d,d,d,d,c,c,d,,1,d
SE,119,65,r,44,d,41,d,1,c,c,*,d,d,38,d,d,d,d,d,c,d,d,,1,d
SE,120,d,r,c,d,d,d,d,c,c,d,d,d,d,d,d,d,d,d,c,d,d,,1,d
SE,121,d,1,44,d,d,d,1,55,c,89,d,d,d,d,d,d,d,d,d,d,d,,1,d
SE,122,d,11,44,d,c,d,1,55,38,d,d,d,44,d,d,d,53,d,d,c,d,88,1,54
SE,123,d,1,c,d,c,d,1,55,53,d,d,c,44,c,d,d,d,d,d,d,d,88,1,54
SE,124,c,1,44,d,89,d,1,53,d,d,1,d,44,c,d,d,d,d,d,d,d,88,1,d
SE,125,44,"1,44",d,d,89,25,1,c,d,d,c,d,44,c,r,d,44,"65,1",d,r,d,53,1,d
SE,126,d,1,d,d,c,25,1,c,d,d,c,d,53,c,d,d,d,"65,1",d,44,d,r,1,d
SE,127,d,1,c,d,c,41,1,c,d,d,c,d,53,c,d,d,d,"65,1",d,c,d,,1,d
SE,128,d,1,r,d,c,25,1,c,d,d,d,d,53,c,d,d,d,"65,1",d,c,d,88,1,d
SE,129,d,1,83,89,d,41,1,55,d,d,d,d,53,c,d,d,d,"65,1",d,r,d,,1,d
SE,130,d,d,d,d,89,41,"41,1",55,53,d,d,51,55,d,44,d,d,"65,1",d,r,c,53,"89,1",d
SE,131,d,d,d,d,c,41,d,55,53,d,d,d,55,d,d,d,d,"65,1",d,d,d,,d,d
SE,132,c,r,d,d,d,53,d,55,53,57,51,d,55,d,d,c,d,"65,1",c,d,d,r,53,d
SE,133,d,88,d,d,d,d,1,55,53,d,51,d,55,d,d,c,d,"65,1",c,51,d,c,d,d
SE,134,d,d,d,d,d,d,"65,1","44,55",c,89,51,d,d,d,d,c,d,"65,1",c,"65,51",16,c,d,d
SE,135,c,d,89,d,d,d,"65,1",d,d,89,51,d,d,d,d,c,d,"65,1",d,"65,51",16,53,d,d
SE,136,c,88,c,d,d,d,1,44,c,c,51,d,d,d,d,d,d,"65,1",d,"65,51",16,55,d,d
SE,137,44,d,d,d,d,d,1,30,d,98,d,c,c,d,d,d,d,51,d,"65,51",d,55,d,d
SE,138,d,d,c,53,c,d,1,d,d,d,"65,38",d,c,d,d,d,53,51,c,51,d,55,d,d
SE,139,52,16,d,53,c,c,1,c,d,d,38,d,c,d,d,d,d,51,d,51,16,55,d,d
SE,140,d,d,c,d,c,c,1,c,53,d,d,d,c,c,d,d,d,51,d,d,16,55,d,d
SE,141,d,d,c,d,d,c,1,c,d,d,d,d,c,c,d,d,d,51,c,d,d,55,d,d
SE,142,c,d,d,d,d,d,1,c,d,d,d,d,c,c,d,c,d,51,c,c,d,55,d,d
SE,143,65,44,d,d,d,d,1,c,d,d,d,d,c,c,d,c,d,d,d,c,d,55,d,c
SE,144,65,44,d,d,d,c,1,53,d,d,d,d,53,c,d,c,d,d,d,d,16,,*,d
SE,145,65,44,d,d,d,d,d,c,c,d,d,d,d,c,91,d,d,d,d,d,d,,c,d
SE,146,"65,38",r,d,d,d,d,d,c,c,c,d,d,c,d,9,c,d,d,d,d,16,,c,d
SE,147,"65,38",c,44,d,d,53,d,53,c,d,d,d,53,d,9,d,d,d,c,d,88,53,d,d
SE,148,"65,38",r,85,d,d,53,d,r,c,d,44,d,c,d,44,d,d,d,53,d,16,,d,d
SE,149,65,r,d,d,d,53,d,c,c,d,c,d,c,c,d,d,d,d,c,d,16,c,44,d
SE,150,"65,38",d,d,d,d,53,89,53,89,d,c,c,c,c,d,d,53,d,d,d,16,c,d,d
SE,151,d,r,c,d,d,c,d,d,53,d,d,d,53,c,d,c,51,d,c,d,16,,d,d
SE,152,65,44,d,d,d,d,d,d,53,d,d,d,53,c,c,d,51,d,52,d,16,,d,c
SE,153,d,44,d,d,d,53,d,d,53,d,d,d,d,c,c,d,51,d,d,d,16,,d,d
SE,154,41,44,d,d,c,c,d,d,c,d,d,d,d,c,d,d,51,d,d,d,16,,d,d
SE,155,41,d,d,d,c,r,d,c,c,d,53,d,d,c,d,d,51,d,d,d,16,,d,d
SE,156,41,d,d,d,c,d,66b,53,c,d,53,d,d,c,c,d,51,d,d,c,d,,d,d
SE,157,41,d,d,d,89,41,d,d,c,d,d,d,d,c,c,c,51,d,d,d,d,,53,d
SE,158,c,d,d,d,d,53,d,d,c,d,d,d,d,c,c,d,"51,38",d,1,d,88,,88,d
SE,159,d,r,d,d,d,25,d,d,53,d,d,d,53,c,c,d,"51,38",d,1,51,d,,d,d
SE,160,d,c,d,d,c,c,d,c,c,c,d,d,53,c,c,d,"51,38",88,d,51,d,99,d,d
SE,161,d,c,d,d,c,c,d,d,c,c,d,d,53,c,c,d,"51,38",88,d,"65,51",d,99,d,d
SE,162,c,1,d,d,85,c,d,d,c,c,d,d,d,c,c,d,"51,38",c,97,65,d,99,d,d
SE,163,d,1,d,d,d,41,d,d,c,d,53,d,d,c,c,d,d,c,97,"65,51",d,99,d,c
SE,164,44,1,c,d,d,"53,41",d,d,c,d,d,d,d,c,c,89,d,c,97,"65,51",c,99,d,d
SE,165,d,1,15,d,38,41,c,c,c,d,c,d,d,c,d,89,d,d,97,d,d,53,d,d
SE,166,c,41,d,d,d,41,d,53,53,r,c,d,53,c,c,89,d,d,97,d,c,,d,d
SE,167,c,41,d,d,d,d,d,c,53,d,c,d,c,c,c,89,d,d,97,38,d,,d,d
SE,168,c,d,d,d,d,53,89,53,d,d,c,d,d,44,c,d,d,d,97,d,d,,d,d
SE,169,d,d,d,d,d,d,c,53,53,d,c,d,d,51,d,d,d,d,97,d,d,,d,d
SE,170,d,d,15,38,53,53,c,c,c,d,c,16,d,51,c,d,d,d,97,c,d,,d,d
SE,171,c,d,d,"44,38",d,d,c,c,53,d,c,16,d,51,c,d,d,d,97,c,d,,d,d
SE,172,d,d,d,d,c,d,c,53,c,d,c,d,d,"65,51",c,d,d,d,1,c,d,99,d,c
SE,173,d,d,d,d,c,41,c,c,c,d,c,c,d,"65,51",d,d,d,d,1,c,d,99,d,d
SE,174,c,d,c,d,c,41,r,d,c,51,"53,44",c,c,"65,51",d,d,d,65,4,d,d,99,d,c
SE,175,53,d,d,d,c,41,d,53,53,d,53,c,c,"65,51",d,d,c,65,d,d,d,99,51,d
SE,176,d,2,c,d,c,41,d,c,d,d,44,d,c,65,d,d,c,65,d,d,d,,d,d
SE,177,d,2,d,d,53,41,d,c,d,d,c,d,c,65,d,c,d,65,d,53,d,,d,d
SE,178,d,d,d,d,c,41,d,44,d,d,c,c,44,65,d,c,d,65,c,d,d,c,d,d
SE,179,d,2,c,44,c,d,d,c,d,d,d,c,c,65,d,c,c,65,c,d,d,c,d,d
SE,180,c,d,c,c,d,d,d,c,d,d,d,d,d,65,d,c,c,65,c,d,d,88,d,d
SE,181,c,38,c,c,d,d,38,c,d,d,d,c,53,c,d,c,c,d,53,d,d,c,d,65
SE,182,c,38,c,c,d,d,38,d,53,d,d,16,53,c,d,c,d,d,c,c,d,c,d,"65,38"
SE,183,d,38,c,c,25,d,89,d,53,d,d,16,44,c,d,d,d,d,d,c,d,c,d,"65,38"
SE,184,d,38,r,c,25,d,89,d,d,d,d,16,44,c,d,d,d,d,c,c,c,c,d,d
SE,185,d,89,r,c,c,d,89,c,d,d,d,d,"53,44",c,d,d,d,d,c,c,c,c,d,d
SE,186,d,d,d,c,c,d,"89,1",c,d,d,d,d,53,c,d,d,d,d,c,c,c,c,d,d
SE,187,53,d,d,38,c,c,1,d,d,d,d,53,53,44,d,d,51,d,c,62,d,c,d,d
SE,188,53,d,r,38,c,c,d,d,d,d,d,53,c,44,d,d,51,d,d,c,88,c,d,d
SE,189,d,d,c,38,d,c,d,d,d,d,d,53,c,53,44,d,51,d,d,c,r,r,d,d
SE,190,d,88,89,38,c,c,d,d,d,r,55,53,c,c,d,d,51,d,d,r,d,,c,d
SE,191,d,d,d,38,d,c,d,d,91,89,55,c,c,c,c,d,51,d,d,c,d,c,d,d
SE,192,44,d,d,38,d,c,d,c,d,d,55,c,d,c,d,d,51,c,d,53,d,,d,d
SE,193,d,88,d,d,d,c,d,c,d,d,55,d,d,d,44,d,"51,1",c,d,53,c,c,d,d
SE,194,44,"88,41",d,d,65,98,d,c,d,d,44,d,d,d,d,d,51,c,d,c,d,,16,c
SE,195,d,41,d,d,65,d,d,44,89,r,44,d,c,d,d,d,51,c,d,d,d,55,d,d
SE,196,d,d,c,d,65,98,d,c,89,d,44,d,53,c,d,d,d,d,d,c,d,55,d,c
SE,197,d,r,d,d,65,r,d,c,89,d,d,d,c,c,44,d,d,d,d,c,d,55,53,c
SE,198,44,r,d,d,d,98,d,44,c,d,d,d,d,1,9,d,d,d,d,d,d,,d,c
SE,199,d,r,d,d,53,d,d,d,c,r,d,d,53,1,d,1,d,c,d,c,d,c,16,d
SE,200,d,d,d,c,d,d,d,52,c,c,d,d,53,1,44,1,c,c,d,d,d,r,d,d
SE,201,44,d,r,c,c,c,d,52,c,d,d,66a,53,1,44,r,c,c,d,c,d,,d,c
SE,202,d,d,d,c,c,c,d,52,c,d,c,?,c,1,d,d,c,d,d,d,d,c,d,c
SE,203,r,d,d,c,d,c,d,c,c,d,d,d,c,1,c,d,d,d,c,c,d,c,16,c
SE,204,d,d,d,d,d,53,d,c,c,d,d,1,c,"65,1",d,d,d,d,d,c,d,c,d,c
SE,205,44,d,41,44,d,c,d,r,c,d,d,1,c,"65,1",d,d,d,c,d,c,d,88,d,c
SE,206,d,d,41,c,c,c,d,d,c,44,d,1,c,"65,1",c,d,d,c,d,c,d,,d,c
SE,207,d,d,d,44,38,c,d,d,c,c,d,1,53,"65,1",d,d,d,d,d,c,d,,d,d
SE,208,d,d,41,d,38,c,41,1,c,d,d,1,c,"65,1",d,d,55,d,d,53,d,,d,d
SE,209,44,r,c,c,38,53,d,53,c,d,d,d,1,65,d,d,55,d,d,r,16,,c,d
SE,210,c,30,41,c,38,d,d,c,c,d,d,d,"53,1",65,d,d,55,d,d,c,d,,c,d
SE,211,44,d,d,44,38,88,d,c,c,d,53,d,"53,1",65,d,d,55,d,d,c,d,,c,d
SE,212,c,30,c,44,38,88,d,c,53,d,d,d,"53,1",65,d,c,55,d,c,44,88,,c,d
SE,213,d,r,44,c,38,d,d,c,53,d,d,d,"53,1",65,d,c,d,d,d,r,88,,c,d
SE,214,d,r,d,d,d,d,d,c,53,16,d,d,1,65,d,c,d,d,d,88,88,,d,d
SE,215,d,r,d,38,65,d,d,c,d,d,d,d,1,65,44,d,d,d,d,44,89,,d,d
SE,216,d,d,44,38,65,41,d,c,d,d,d,d,1,65,44,d,d,d,d,d,48,,d,44
SE,217,d,c,44,38,65,41,d,c,c,d,d,d,1,65,c,65,d,d,d,d,9,,d,d
SE,218,d,c,d,44,65,41,d,c,53,d,53,d,1,65,d,65,d,d,53,d,9,,d,d
SE,219,d,d,44,44,65,41,1,c,53,c,c,d,1,c,d,65,d,d,d,d,9,,d,65
SE,220,d,r,44,c,65,89.41,1,55,c,c,c,d,1,c,d,65,d,d,d,d,9,,d,65
SE,221,d,r,d,d,65,41,1,c,r,16,d,d,"65,1",c,d,65,d,d,d,d,9,,d,d
SE,222,d,c,d,d,c,d,1,c,d,d,d,d,"65,1",c,d,65,d,d,c,44,9,55,d,d
SE,223,d,44,d,d,53,d,1,c,d,d,d,d,"65,1",c,d,d,d,d,c,d,9,55,d,d
SE,224,d,r,d,d,c,d,"89,1",c,c,d,d,d,65,c,d,d,d,d,c,44,9,55,d,d
SE,225,44,d,d,d,c,d,"89,1",c,c,d,d,51,65,c,d,d,d,d,c,d,9,55,d,d
SE,226,d,d,d,d,c,d,"89,1",c,53,d,d,d,"65,57",c,d,d,d,d,d,d,16,c,d,53
SE,227,d,d,44,d,53,d,1,c,53,d,d,89,"65,57",c,d,d,d,d,d,d,d,,d,d
SE,228,44,d,"44,41",d,53,1,d,c,53,d,d,d,"65,57",55,c,d,d,d,d,53,d,r,d,d
SE,229,44,d,d,d,53,d,d,c,53,d,d,c,"65,57",c,c,d,c,d,d,d,d,c,d,d
SE,230,d,d,41,d,c,53,d,c,c,d,d,d,"65,57",c,c,d,d,d,d,d,d,,38,d
SE,231,d,d,41,c,c,53,d,c,53,d,51,d,"65,57",c,c,d,d,d,d,d,d,55,38,65
SE,232,d,d,41,c,c,38,d,c,53,r,51,d,"65,57",c,c,d,d,d,d,d,d,55,"65,51",65
SE,233,d,d,44,c,c,38,d,d,c,r,d,1,"65,57",c,44,59,d,d,c,d,d,,"65,38",65
SE,234,d,d,44,44,c,38,d,c,53,d,d,1,"65,57",c,d,59,c,d,d,d,d,c,65,65
SE,235,d,d,44,44,c,38,d,53,53,d,51,1,d,c,44,d,c,d,d,d,d,,"65,51",65
SE,236,d,d,d,d,c,38,d,53,d,d,d,d,c,65,44,d,c,d,c,d,d,r,"65,51",65
SE,237,53,d,c,c,d,38,89,c,d,d,d,c,44,"65,38",44,d,c,d,c,d,d,r,51,d
SE,238,c,d,c,44,d,38,89,c,d,d,51,1,44,38,d,c,c,d,d,44,d,c,"65,51",d
SE,239,c,d,c,44,d,38,89,c,44,d,51,c,c,38,65,c,c,d,d,c,d,c,"65,51",d
SE,240,c,d,c,d,d,38,d,c,r,d,d,d,d,38,44,d,c,d,d,c,d,c,65,d
SE,241,d,d,c,d,d,38,d,c,d,d,"65,51",53,"65,38",38,d,d,c,65,c,c,d,c,d,c
SE,242,53,d,89,d,d,38,d,c,c,d,"65,51",d,"44,65,38",38,51,d,c,65,c,c,d,,d,c
SE,243,d,d,44,c,d,38,d,c,c,d,"65,51",53,"44,65,38",38,51,d,c,65,c,d,d,,d,r
SE,244,d,d,44,44,d,38,d,c,53,d,51,c,"44,65,38",38,"44,51",65,c,51,c,d,d,,d,16
SE,245,d,d,45,44,c,38,d,55,53,d,51,d,"44,65,38",d,"44,51",65,c,d,c,d,d,,d,65
SE,246,d,d,c,d,d,38,d,c,c,d,51,53,"44,65,38",d,44,65,c,d,d,d,d,,"65,38",65
SE,247,d,d,41,c,d,38,d,55,d,d,51,d,"44,65,38",c,44,65,d,d,d,44,d,r,"65,38",65
SE,248,c,d,c,d,53,41,d,55,d,d,d,53,"44,65,38",c,c,"65,51",d,d,d,d,d,,38,65
SE,249,c,d,c,d,d,d,d,c,d,d,44,c,"44,65,38",d,c,"65,51",65,d,d,d,d,,38,d
SE,250,c,d,c,d,d,1,d,c,53,d,44,d,"44,65,38",d,c,"65,51","65,51",d,c,d,d,,38,d
SW,1,1,d,41,d,c,d,d,19,d,d,89t,65,91,53,c,d,65,51,d,c,51,d,d,c
SW,2,c,c,41,d,c,d,d,d,d,d,c,65,91,c,c,d,65,51,d,c,d,d,d,d
SW,3,c,c,41,d,c,89,c,d,d,d,c,65,91,c,c,d,65,51,89,c,d,d,d,d
SW,4,c,c,41,44,c,25,c,19,d,38,c,65,"44,91",c,c,d,65,51,89,1,d,d,d,d
SW,5,c,c,41,44,c,d,c,d,53,d,c,d,c,c,c,d,65,51,c,c,d,52,d,d
SW,6,c,d,d,44,c,d,d,d,53,d,c,d,c,c,c,d,d,d,c,1,c,,d,d
SW,7,c,d,d,d,d,d,d,d,c,d,89,c,d,65,c,d,d,d,c,"41,1",r,,d,d
SW,8,25,d,d,d,d,d,d,d,c,d,89,c,d,65,c,d,c,d,c,"41,1",r,,d,c
SW,9,d,d,d,c,41,d,c,38,c,d,d,c,d,"65,51",c,d,c,d,c,"41,1",d,,c,c
SW,10,d,44,d,d,c,d,d,d,c,d,d,d,d,"65,51",c,d,d,c,d,41,d,44,d,d
SW,11,d,c,d,44,41,d,89,44,53,c,d,65,1,"65,51",c,d,c,44,d,"41,1",d,,d,d
SW,12,38,c,d,53,41,d,"89,1",d,d,c,d,65,1,"65,51",c,d,53,d,d,"41,1",d,,16,c
SW,13,38,c,d,d,41,d,1,d,d,d,d,65,1,"65,51",c,m,44,d,65,"41,1",53,,16,c
SW,14,d,c,d,d,c,d,1,53,c,d,d,65,1,"65,51",d,m,r,d,65,"41,1",c,,d,c
SW,15,44,44,c,c,c,c,1,53,c,d,c,65,"44,1",51,d,"65,m",d,d,65,"41,1",c,,d,52
SW,16,d,44,c,53,c,c,1,d,53,d,c,65,1,51,c,m,d,d,c,41,c,,d,52
SW,17,44,d,89,"53,44",c,d,1,d,c,d,c,65,1,c,c,"9,m",r,d,c,"41,1",c,53,d,d
SW,18,44,44,c,d,c,89,1,c,c,c,c,d,1,c,d,"m,53",c,65,d,1,c,r,89,d
SW,19,44,d,89,c,53,d,1,55,53,d,1,60,1,c,c,d,c,65,d,d,c,r,89,d
SW,20,c,44,c,c,d,d,1,55,c,d,89,60,1,c,c,r,c,65,d,d,d,r,d,d
SW,21,"53,44",d,c,c,d,d,1,55,c,d,89,60,1,c,c,c,c,"44,51",d,c,d,,89,c
SW,22,c,44,d,c,52,d,1,55,r,d,d,60,"44,1",c,51,c,c,44,d,c,d,,89,c
SW,23,1,r,c,c,52,"44,1",1,d,d,53,d,60,d,c,51,d,c,"65,51",d,d,d,53,d,c
SW,24,1,d,d,44,c,"44,1",1,c,53,89,d,d,d,c,51,d,c,"65,51",d,41,d,r,d,c
SW,25,1,r,d,44,c,"44,1",1,r,d,89,d,d,c,c,51,c,53,"38,51",c,41,51,,d,c
SW,26,d,d,89,53,d,1,1,d,53,c,66a,d,c,c,51,c,53,"38,51",c,41,51,,c,c
SW,27,d,r,c,53,d,d,1,d,c,c,66a,d,44,c,c,53,53,"65,38",c,41,51,,d,d
SW,28,d,c,d,d,c,d,1,d,53,c,66a,d,44,c,c,m,c,65,c,41,d,,d,d
SW,29,c,d,d,d,d,d,1,d,r,d,66a,c,c,c,d,d,c,65,c,41,d,,d,d
SW,30,c,d,d,44,c,d,1,53,53,d,66a,d,c,c,d,d,c,65,c,41,d,,d,d
SW,31,"53,44",d,89,d,d,d,1,53,c,d,66a,d,c,c,d,d,c,65,c,41,d,,d,d
SW,32,r,d,d,d,c,44,1,d,c,d,66a,51,d,c,d,d,d,65,d,41,d,,d,d
SW,33,c,d,d,d,c,d,c,d,c,57,d,51,65,c,51,d,c,65,d,c,51,,d,d
SW,34,r,d,d,d,d,d,d,53,d,89,d,d,"65,38",c,51,d,d,65,d,d,51,,c,d
SW,35,r,d,d,d,c,89,c,53,d,d,d,51,"65,38",c,51,d,d,65,c,d,51,r,d,d
SW,36,53,d,c,89,d,d,c,d,d,d,d,51,"65,38",c,51,d,d,c,d,41,51,,d,c
SW,37,53,d,c,89,r,44,d,d,c,d,d,51,"65,38",c,51,d,d,c,d,41,51,,d,r
SW,38,d,d,88,d,c,d,c,d,51,d,d,51,"65,38",r,51,d,d,c,d,41,51,,d,d
SW,39,d,d,c,d,44,d,d,89,51,c,d,d,"65,38",c,51,d,d,c,c,d,51,,c,d
SW,40,"44,38",d,c,d,c,d,c,c,53,c,d,d,"65,38",c,51,d,d,c,c,d,"65,51",,d,d
SW,41,38,d,d,d,r,d,d,c,d,d,d,51,65,c,d,c,d,c,c,d,65,,d,d
SW,42,38,d,c,d,d,d,d,c,d,d,d,"38,51",65,d,d,c,d,c,c,d,65,r,d,d
SW,43,"53,44,38",1,c,d,r,d,c,c,r,d,d,38,65,d,d,53,d,d,d,r,65,,d,d
SW,44,d,d,c,c,c,d,57,c,d,d,44,38,65,d,d,d,d,d,d,d,"65,51",,d,d
SW,45,38,"44,1",c,c,c,d,89,c,d,r,d,38,d,d,d,d,"65,51",d,c,d,"65,51",,d,d
SW,46,38,1,c,c,c,44,1,c,d,d,d,d,d,d,d,d,"65,51",d,16,c,"65,51",,d,d
SW,47,1,1,c,c,d,d,1,c,d,r,d,38,d,d,d,d,"65,51",d,d,d,65,c,53,d
SW,48,"1,38",1,44,c,c,d,1,d,d,c,d,d,d,d,c,d,"65,51",d,d,c,"65,51",53,d,c
SW,49,1,44,d,d,c,d,d,d,53,c,d,d,d,d,c,d,"65,51",53,d,c,"65,51",,d,c
SW,50,1,1,d,c,d,d,c,d,d,c,d,c,d,d,c,d,"65,51",53,d,c,51,38,c,d
SW,51,d,1,d,r,c,44,c,d,c,c,c,d,d,d,c,d,"65,51",d,d,53,d,38,89,c
SW,52,d,"44,1",d,d,r,d,c,d,c,d,c,d,d,14,c,m,"65,51",d,d,d,d,"88,38",d,51
SW,53,44,1,d,d,d,c,c,d,d,c,51,c,d,c,c,d,"65,51",d,d,d,d,"88,38",d,51
SW,54,c,1,c,d,d,"25,41",c,d,89,d,51,c,d,c,c,d,"65,51",d,d,d,89,,d,d
SW,55,d,1,c,d,c,c,c,d,44,d,51,d,d,c,c,49,"65,51",d,d,51,16,,d,d
SW,56,44,1,c,d,d,d,c,d,c,d,51,d,d,c,c,d,d,d,d,51,d,,d,d
SW,57,"44,53,2",1,c,d,53,d,c,d,d,d,51,d,d,c,c,d,d,d,d,51,d,,d,38
SW,58,1,1,d,d,r,d,c,d,d,d,51,d,d,c,c,m,d,d,d,51,d,,d,38
SW,59,1,1,89,48,d,41,c,d,d,89,51,d,1,d,c,d,d,d,d,51,16,,89,d
SW,60,53,d,c,d,53,41,c,19,d,89,51,c,1,d,c,d,d,d,d,51,d,,d,65
SW,61,d,d,d,d,c,d,cd,d,r,d,51,c,1,d,c,d,d,d,d,51,d,,d,38
SW,62,53,44,d,d,c,d,d,d,d,d,51,d,1,d,c,d,d,c,c,51,16,,d,38
SW,63,d,44,d,d,c,d,d,d,55,c,51,d,1,d,c,d,d,d,d,51,d,,d,d
SW,64,d,d,d,d,d,d,c,d,55,c,51,53,1,d,c,d,d,d,89,51,d,53,d,d
SW,65,53,44,d,d,c,d,d,d,55,d,d,c,1,d,c,d,d,d,89,51,d,c,d,65
SW,66,r,d,d,d,c,d,d,d,55,d,d,c,1,d,c,d,d,d,89,d,16,,d,d
SW,67,c,1,d,d,c,d,d,d,c,d,d,c,1,44,c,d,d,16,d,c,16,,16,d
SW,68,d,1,d,89,c,d,d,d,c,d,c,c,1,d,c,d,d,16,d,d,16,,d,d
SW,69,d,1,d,c,d,d,d,c,c,d,c,c,1,d,c,67,d,16,51,d,c,53,c,d
SW,70,d,1,d,53,d,d,c,c,c,d,c,53,1,d,c,d,d,16,51,c,16,,c,d
SW,71,d,1,d,d,d,d,c,d,c,d,c,c,1,d,c,d,d,d,51,c,16,,d,d
SW,72,d,1,d,d,d,d,d,53,c,d,44,c,1,d,c,c,d,d,51,d,d,,16,d
SW,73,44,d,d,d,d,d,d,53,r,d,d,c,1,d,c,c,d,d,d,d,d,,d,d
SW,74,d,1,d,d,89,d,d,d,c,d,d,d,1,d,c,c,d,d,d,d,d,,d,d
SW,75,"53,44",44,d,48,65,65,d,d,53,d,d,d,1,d,c,c,d,53,51,d,d,23,d,d
SW,76,d,d,53,d,65,d,89,d,d,89,d,d,1,d,c,c,d,d,51,53,d,,d,d
SW,77,d,d,d,dd,65,d,d,52,r,d,d,51,d,d,c,c,d,d,51,c,d,,d,d
SW,78,d,44,d,d,c,65,d,52,c,d,d,51,d,d,c,c,c,d,51,c,?,,d,d
SW,79,d,d,c,c,c,38,d,c,c,d,d,51,d,c,d,c,c,d,51,d,d,,d,d
SW,80,d,c,9,d,d,d,d,c,c,d,d,51,d,c,d,c,c,d,51,d,d,44,d,d
SW,81,d,c,d,89,c,d,d,c,55,d,d,51,c,r,c,c,c,d,51,d,d,44,d,d
SW,82,38,c,53,89,59,d,d,53,55,d,c,51,c,r,c,c,51,c,d,d,d,53,d,d
SW,83,38,c,d,d,c,41,d,d,55,r,c,d,d,c,c,c,"65,51",c,d,d,d,9,d,d
SW,84,38,c,44,d,c,"44,41",c,d,55,r,c,d,d,r,c,c,"65,51",c,c,53,d,,d,d
SW,85,38,d,d,d,"53,44",41,c,d,55,d,d,c,d,d,c,c,"65,51",c,c,d,d,44,16,d
SW,86,d,d,d,89,53,41,c,1,55,d,51,c,d,d,c,d,"65,51",c,c,d,d,,d,d
SW,87,c,d,53,89,c,41,c,d,55,d,51,c,d,55,c,d,"65,51",c,c,d,d,,d,d
SW,88,d,d,53,89,c,d,53,d,d,r,51,c,d,55,d,c,"65,51",d,d,d,d,,89,d
SW,89,d,d,9,89,c,d,d,d,c,d,51,c,d,d,d,d,"65,51",9,c,c,d,,89,d
SW,90,53,r,c,d,89,d,91,d,c,d,51,c,d,53,d,c,65,9,d,c,d,,d,d
SW,91,c,44,c,d,89,d,c,d,c,d,c,c,d,52,d,c,65,d,44,c,d,,d,d
SW,92,"53,44",d,c,d,c,d,98,d,c,d,c,c,d,44,d,c,65,d,d,44,d,,d,d
SW,93,44,d,c,d,c,d,d,89,c,d,c,c,d,d,d,c,d,d,d,c,d,,d,d
SW,94,d,1,c,d,c,41,d,89,c,d,c,c,c,d,d,28,53,d,d,c,d,,d,d
SW,95,d,1,c,d,c,d,d,d,c,c,c,65,d,53,d,d,d,d,d,c,51,,d,d
SW,96,c,1,c,89,c,d,d,52,c,d,c,65,44,c,d,d,d,d,c,d,51,44,d,d
SW,97,r,1,d,89,d,d,d,d,d,d,c,65,"44,1",c,d,d,c,c,16,d,"65,51",,d,d
SW,98,r,1,89,89,c,d,d,52,d,c,c,c,1,c,d,d,c,c,d,c,"65,51",,d,d
SW,99,d,1,89,89,53,d,d,52,38,c,c,38,c,c,d,d,c,d,16,c,"65,51",,d,d
SW,100,d,"44,1",89,d,r,53,d,52,d,d,c,38,d,c,c,d,c,d,d,d,65,,d,d
SW,101,c,1,d,d,r,d,d,r,65,d,c,65,1,c,d,d,53,c,d,d,"65,51",,d,d
SW,102,r,1,d,d,c,d,d,r,65,d,c,"65,38","44,1",c,d,d,44,d,d,d,"65,51",,d,d
SW,103,48,1,d,c,c,d,c,53,38,d,c,65,d,c,d,d,c,d,d,38,d,,d,d
SW,104,d,1,d,d,c,d,d,c,38,d,c,65,1,c,d,d,c,d,d,38,m,,d,d
SW,105,53,1,d,89,c,d,d,c,38,d,d,65,25,d,d,d,c,d,d,38,d,,d,d
SW,106,d,1,d,89,c,d,d,c,"30,38",c,d,65,25,d,d,d,c,d,d,38,m,,d,1
SW,107,d,1,89,53,d,10,d,d,d,d,d,d,d,d,d,89,c,d,51,38,m,,25,1
SW,108,d,1,89,53,c,10,89,d,d,d,89,d,d,c,d,d,c,d,51,38,m,,d,1
SW,109,r,1,89,d,c,10,89,d,d,d,d,d,44,c,d,d,c,d,51,38,d,,d,1
SW,110,d,1,89,d,c,d,c,d,c,d,d,d,d,c,d,d,c,53,51,m,m,88,d,1
SW,111,d,d,c,d,d,d,53,d,c,c,c,d,d,c,d,d,c,d,51,m,m,,d,1
SW,112,r,d,c,d,d,d,c,d,53,d,c,53,d,c,d,d,c,d,d,m,m,,55,1
SW,113,d,d,c,53,d,d,c,d,d,d,c,d,d,c,d,d,c,53,d,m,d,,55,44
SW,114,53,88,d,d,c,d,c,d,d,91,c,d,d,c,d,d,d,c,d,m,d,,55,44
SW,115,d,r,89,d,d,d,c,d,53,91,c,c,d,c,d,d,d,c,d,m,d,,55,d
SW,116,53,r,89,d,53,d,c,d,r,d,c,d,d,c,d,d,d,44,d,m,88,53,55,d
SW,117,d,d,c,d,53,c,c,c,53,55,c,d,d,r,c,d,d,d,28,m,88,88,55,d
SW,118,r,d,c,c,c,c,c,d,c,d,c,d,d,c,c,d,c,d,d,m,r,53,55,d
SW,119,d,d,c,c,d,d,c,d,c,d,c,c,d,c,c,d,89,d,d,m,d,,55,d
SW,120,d,c,c,d,53,d,c,89,c,d,c,d,d,c,c,c,c,"65,51",d,m,d,,d,d
SW,121,d,r,d,d,c,c,c,52,c,d,c,d,d,c,55,d,c,"65,51",d,m,d,88,d,d
SW,122,53,r,d,d,d,c,c,d,c,98,c,d,d,c,55,c,c,"65,51",d,m,d,88,d,d
SW,123,53,44,d,d,d,d,d,53,r,c,53,d,d,1,55,d,c,"65,51",d,m,d,,d,d
SW,124,d,c,c,d,d,53,d,53,d,d,d,d,d,1,d,r,c,"65,51",d,m,d,r,d,d
SW,125,c,1,c,38,d,d,65,d,c,d,d,d,44,1,d,c,c,"65,51",d,m,d,,d,d
SW,126,r,r,53,38,d,d,65,c,d,d,c,d,d,1,d,d,d,"65,51",48,m,d,,d,d
SW,127,c,c,d,38,d,d,65,d,d,d,d,d,d,1,d,16,d,"65,51",d,m,d,,d,c
SW,128,c,r,d,c,d,d,65,d,r,89,c,d,d,1,d,c,d,d,d,m,d,,d,c
SW,129,r,1,53,c,d,53,65,d,c,d,d,d,44,1,d,c,d,d,d,m,d,,d,c
SW,130,44,1,53,c,d,c,d,d,c,c,d,d,44,1,d,d,d,d,d,m,d,,d,d
SW,131,53,1,53,c,c,c,d,d,c,c,1,d,d,1,d,d,d,d,d,m,d,,d,d
SW,132,41,1,c,44,c,c,65,d,c,d,53,d,d,1,d,c,d,44,c,m,9,,d,d
SW,133,41,1,c,44,c,c,65,d,d,d,c,c,d,1,d,d,d,44,16,m,d,,d,c
SW,134,d,1,c,c,c,44,65,53,d,d,c,d,d,1,d,16,d,44,d,m,89,,d,d
SW,135,r,1,53,25,d,c,65,c,d,d,c,d,1,1,d,c,d,44,c,m,d,,d,44
SW,136,53,"55,1",d,c,2,d,65,d,d,c,d,d,d,1,d,c,d,d,89,m,d,,d,d
SW,137,d,"55,1",d,44,2,d,65,d,d,c,d,d,"65,55",1,d,r,d,d,d,m,d,,d,d
SW,138,c,"55,1",d,c,2,d,65,d,r,c,d,c,"65,1",r,d,16,d,d,d,m,d,,d,d
SW,139,c,"55,1",53,d,d,d,65,d,c,c,,d,"65,1",c,d,d,d,d,d,m,d,r,d,c
SW,140,c,1,53,c,d,c,d,d,d,c,d,53,1,c,c,d,d,d,d,d,d,,d,c
SW,141,c,1,d,c,55,d,d,1,d,c,d,d,1,d,44,d,c,d,d,d,d,,d,c
SW,142,d,1,d,d,55,d,d,1,d,d,53,d,1,d,44,d,c,c,d,d,d,,d,d
SW,143,c,1,c,d,55,d,d,1,d,d,d,d,1,r,44,16,c,c,c,d,d,,d,d
SW,144,d,1,53,d,55,d,d,1,d,d,d,44,1,c,c,d,c,d,c,d,d,88,d,c
SW,145,d,1,53,d,55,d,91,1,d,d,d,44,1,c,c,d,d,d,c,d,d,"88,38",d,38
SW,146,c,1,53,44,55,d,d,1,d,c,d,d,d,c,d,d,25,d,c,d,d,38,d,d
SW,147,53,d,d,44,55,c,"89,1",1,d,57,d,d,d,c,d,d,d,d,d,d,d,"65,38,m",d,d
SW,148,53,d,d,c,d,c,"89,1",1,c,d,d,d,d,1,d,c,d,d,d,d,d,"65,38,m",d,d
SW,149,d,d,d,d,c,c,1,1,d,d,d,d,d,1,d,c,d,d,c,d,53,"65,38,m",44,d
SW,150,53,d,89,d,c,c,1,1,d,d,d,d,d,1,d,89,d,d,49,d,d,65,d,65
SW,151,d,d,d,d,c,c,1,1,d,d,d,c,d,1,d,89,d,d,c,89,d,"88,m",d,65
SW,152,d,d,d,d,d,c,"52,1",53,d,d,d,d,d,1,d,d,d,d,c,d,d,"88,m",d,d
SW,153,c,44,d,44,d,c,"52,1",c,38,d,d,c,d,65,d,d,d,d,16,d,88,m,d,d
SW,154,c,d,d,44,d,c,"52,1",d,d,d,d,c,d,"65,53",d,d,d,d,d,d,d,,d,d
SW,155,44,d,d,c,2,c,"89,1",c,38,d,d,c,d,"65,53",d,d,51,"53,65,38",d,d,d,,d,d
SW,156,c,r,d,d,2,c,1,c,"65,38",d,53,53,d,"65,38",d,d,d,"65,38",d,d,99,,d,d
SW,157,c,r,89,c,2,25,1,53,"65,38",d,53,c,c,38,d,d,c,"65,38",53,d,d,,d,d
SW,158,53,89,89,44,53,d,1,c,38,d,d,d,d,38,c,d,c,"65,38",d,d,d,,d,r
SW,159,53,c,89,40,2,c,"89,1",89,38,d,53,d,d,38,c,d,c,"65,38",d,62,d,,d,c
SW,160,c,89,89,44,c,44,"89,1",d,38,d,d,d,d,38,c,d,c,"65,38",d,53,d,,d,d
SW,161,d,r,c,44,2,55,1,d,38,d,d,d,d,38,d,d,c,"65,38",d,d,d,,d,d
SW,162,d,r,c,44,2,55,"89,1",d,38,c,d,c,d,"51,38",d,d,c,"65,38",48,53,d,c,d,d
SW,163,c,c,c,44,53,55,1,d,d,c,d,c,d,"51,53,38",d,d,c,"65,38",d,51,d,r,d,d
SW,164,53,55,d,c,c,55,1,53,52,d,d,c,d,"51,38",d,d,c,d,88,51,d,r,41,d
SW,165,53,55,89,44,d,55,d,53,d,d,d,c,d,"51,38",d,d,c,d,d,51,d,53,d,d
SW,166,d,c,89,d,c,55,89,c,53,d,r,d,d,"51,38",d,d,d,d,d,51,d,r,d,d
SW,167,53,r,c,44,53,55,c,d,d,d,d,d,d,c,65,d,d,53,d,51,89,r,41,c
SW,168,53,r,d,44,53,55,c,d,d,d,d,d,d,c,c,d,d,d,d,51,d,53,d,c
SW,169,d,d,d,44,c,c,c,d,53,d,c,c,d,c,c,d,d,d,d,51,d,,d,c
SW,170,44,d,d,44,c,d,d,d,d,d,c,d,d,c,c,c,d,d,d,51,d,,d,c
SW,171,"53,44",c,d,d,c,d,d,d,52,d,c,d,d,c,d,c,c,d,c,51,d,,d,d
SW,172,53,c,d,d,d,d,d,d,52,d,c,d,d,c,c,c,c,d,c,51,d,,d,d
SW,173,53,d,d,44,d,c,d,89,d,d,c,d,c,c,d,c,c,d,c,51,d,r,d,d
SW,174,c,d,d,44,d,d,d,89,d,c,c,d,d,d,d,c,c,d,c,51,d,,d,53
SW,175,16,d,88,44,c,d,d,c,d,c,c,d,d,c,d,d,c,c,c,53,d,,d,d
SW,176,d,d,d,d,c,d,c,89,d,d,c,d,d,d,c,d,c,c,c,d,d,,d,d
SW,177,25,c,d,44,c,d,c,c,d,d,c,d,d,d,d,d,c,c,c,d,d,,d,d
SW,178,65,d,d,d,c,d,c,d,52,d,c,d,d,d,c,d,c,c,c,d,d,,d,d
SW,179,c,c,d,c,2,d,c,d,52,d,c,d,82,d,c,d,c,d,65,d,d,,d,d
SW,180,19,d,d,44,2,d,c,d,52,d,c,d,82,r,d,d,"65,m",d,"65,51",d,d,,d,d
SW,181,r,44,d,44,2,d,c,d,52,c,c,d,d,c,d,d,"65,m",c,"65,51",d,d,1,41,d
SW,182,16,44,d,c,2,55,d,d,c,d,c,d,d,c,65,d,"65,m",53,"65,51",d,d,"52,1",41,c
SW,183,c,d,c,c,"44,89",55,d,d,c,?,53,c,d,44,65,d,"65,m",53,"65,51",d,d,1,d,d
SW,184,16,d,d,c,44,55,d,53,c,d,c,d,d,d,65,d,"65,m",c,"65,51",c,d,1,89,c
SW,185,c,d,d,c,c,d,d,d,52,d,44,d,d,d,65,d,"65,m",c,"65,51",d,89,1,89,d
SW,186,16,c,d,c,c,d,d,89,c,d,44,c,d,d,65,d,"65,m",d,"65,51",d,d,1,d,c
SW,187,d,d,d,44,53,95,d,89,c,d,c,d,d,53,65,d,"65,m",d,51,d,d,1,d,d
SW,188,d,d,d,44,53,d,d,d,c,d,c,c,d,c,65,d,"65,m,",d,51,c,53,1,d,d
SW,189,d,55,d,c,c,d,d,53,r,c,c,c,d,"53,44",d,c,"65,m",d,d,c,d,1,d,d
SW,190,53,55,53,c,c,d,d,d,52,91,53,d,d,",,",d,m,m,d,d,d,d,1,d,d
SW,191,88,55,d,c,c,d,c,d,52,d,53,d,d,d,d,c,m,d,d,d,d,"65,1",d,d
SW,192,c,55,c,c,d,d,d,c,52,d,53,d,d,c,d,c,m,d,d,d,d,"65,1",d,d
SW,193,c,c,c,44,d,d,d,d,c,d,c,d,d,c,d,d,m,d,d,d,d,"65,1",d,d
SW,194,d,c,d,53,d,d,d,d,r,d,c,d,d,c,44,d,m,51,d,d,d,"65,",c,c
SW,195,53,c,c,d,89,89,d,d,d,d,c,c,d,c,d,c,m,51,d,d,d,"65,1",d,c
SW,196,c,d,d,d,44,d,d,d,d,d,c,c,d,c,d,c,m,51,c,d,d,"88,1",d,d
SW,197,c,c,d,d,d,c,89,34,c,d,c,c,d,c,44,c,m,51,c,d,d,1,c,d
SW,198,53,r,89,d,d,c,89,d,c,d,c,d,d,c,d,c,m,51,c,d,d,1,c,d
SW,199,d,r,89,d,d,d,d,r,c,d,c,d,53,c,d,c,m,51,d,d,d,1,d,d
SW,200,d,d,c,d,44,c,c,d,r,d,53,c,53,c,d,c,m,d,88,c,88,88,d,d
SW,201,c,d,53,d,44,c,d,d,c,d,d,c,c,c,d,c,m,d,88,d,d,"16,88",d,d
SW,202,c,c,c,d,d,c,65,d,d,89,c,d,1,c,41,c,m,d,d,d,d,"16,88",d,d
SW,203,d,44,c,d,d,1,65,d,c,89,c,d,r,c,55,c,m,d,d,d,d,88,89,d
SW,204,d,d,53,44,d,1,65,1,c,d,c,d,d,c,55,c,m,d,d,d,d,,d,d
SW,205,d,d,d,44,c,1,65,53,c,d,c,d,44,c,d,c,m,d,d,d,d,,d,65
SW,206,d,d,d,44,c,d,d,d,c,c,c,c,44,c,d,d,m,"89,51",d,c,d,,d,65
SW,207,d,d,d,"44,53",30,d,d,d,c,c,65,c,55,53,d,d,m,"89,51",c,65,d,,d,65
SW,208,53,d,d,c,"30,44",d,c,d,c,57,"65,1",d,c,53,d,r,m,51,d,65,d,r,d,d
SW,209,"53,38",d,d,d,44,c,d,c,c,r,"65,1",d,44,c,d,c,m,51,d,d,88,,d,d
SW,210,38,d,d,44,89,55,d,r,c,c,"65,1",d,25,d,d,c,m,d,d,d,d,c,d,d
SW,211,34,d,c,44,d,55,d,d,c,c,"65,1",d,c,30,d,c,m,d,d,d,d,,d,d
SW,212,d,d,c,44,89,55,d,d,c,d,"65,1",d,44,c,d,c,m,d,53,d,89,,d,d
SW,213,38,d,c,d,89,c,d,d,c,d,"65,1",d,c,44,c,d,m,d,c,d,89,,d,d
SW,214,38,d,c,d,c,c,d,d,d,d,"65,1",d,c,c,d,d,m,d,d,d,89,,d,d
SW,215,53,d,r,c,d,c,d,d,d,d,"65,1",d,c,c,d,d,m,d,d,d,89,,d,d
SW,216,53,d,d,c,53,14,d,d,d,44,c,d,c,c,d,d,m,d,d,d,c,,d,d
SW,217,d,44,d,25,d,d,d,d,d,d,c,d,c,c,d,r,m,d,c,d,65,r,d,d
SW,218,d,d,d,44,d,d,d,c,d,d,c,d,d,c,d,c,m,38,c,d,65,,d,44
SW,219,16,d,d,c,c,d,d,r,d,d,c,53,d,d,d,1,m,38,d,d,65,r,d,d
SW,220,16,d,c,c,c,d,1,d,m,d,c,44,d,d,c,1,m,38,d,d,65,,d,60
SW,221,16,d,c,c,d,d,c,d,m,d,c,d,d,d,c,"65,1",c,38,d,d,d,,d,60
SW,222,16,d,c,c,d,44,d,c,m,d,c,c,d,c,d,"65,1",c,38,d,d,d,16,d,d
SW,223,d,d,c,c,d,c,d,d,52,d,c,d,65,c,d,"65,1",d,38,d,d,d,41,d,d
SW,224,d,41,c,c,d,r,d,c,52,d,c,d,89,c,d,"65,1",d,38,d,d,d,41,1,d
SW,225,r,d,d,c,c,c,d,c,m,c,cc,c,d,c,d,"65,1",d,38,d,d,d,41,1,d
SW,226,c,d,d,44,c,c,d,c,"52,m",d,"65,1",d,d,r,d,"65,38,1",d,38,d,d,d,41,1,d
SW,227,53,d,d,44,c,c,d,d,m,d,"65,1",c,44,c,d,"65,1",d,38,d,d,d,,1,d
SW,228,r,d,53,44,d,c,d,d,m,d,"65,1",c,53,"52,1",c,1,c,38,d,d,d,,1,c
SW,229,53,d,d,c,d,d,d,d,m,d,"65,1",d,c,"65,1",c,1,c,d,51,d,d,,d,c
SW,230,d,d,d,44,44,d,d,r,m,d,"65,1",d,d,"65,1",d,1,53,53,51,d,d,,38,c
SW,231,d,d,d,d,d,44,d,d,m,57,"65,1",53,d,"65,1",c,1,c,c,"65,51",d,d,,38,d
SW,232,d,44,d,d,44,d,1,53,m,c,"65,1",c,d,"65,1",55,"38,1",c,c,51,d,d,,38,d
SW,233,d,44,d,44,d,d,1,c,m,d,"65,1",c,d,"65,1",55,1,c,53,51,d,d,,38,d
SW,234,d,d,d,44,44,d,1,c,m,d,51,c,c,"65,1",55,1,c,1,d,d,d,,38,d
SW,235,c,d,c,44,44,55,1,d,d,d,51,c,d,"65,1",55,1,c,1,d,d,d,44,38,d
SW,236,d,d,d,d,89,55,1,d,c,c,51,c,c,"65,1",55,"44,1",r,"53,89,1",d,d,d,,38,d
SW,237,c,d,d,d,"89,44",55,d,d,d,89,c,c,c,"65,1",55,1,d,1,d,d,d,,d,d
SW,238,44,d,d,44,44,55,d,30,d,89,c,c,d,1,55,1,d,1,d,d,"16,38",,d,d
SW,239,d,d,88,d,c,c,d,d,d,89,c,c,d,1,c,44,r,1,c,c,53,30,d,d
SW,240,53,38,88,44,44,c,d,44,c,d,c,c,c,1,d,d,r,d,c,d,d,r,d,d
SW,241,d,38,c,c,44,c,c,d,c,d,1,c,d,1,d,d,c,d,d,d,d,,d,d
SW,242,d,38,c,d,c,r,d,d,c,85,1,c,d,c,d,41,c,d,"88,55",d,d,,d,c
SW,243,d,38,d,44,c,c,53,30,c,c,"53,1",c,c,c,d,d,c,c,d,d,89,,d,d
SW,244,53,d,d,44,d,c,d,89,c,c,55,d,d,c,d,16,c,c,d,d,d,,d,d
SW,245,16,d,c,44,d,c,d,d,c,91,55,44,25,c,d,d,c,d,d,d,88,,d,d
SW,246,d,d,c,c,d,c,d,d,c,d,55,44,25,c,55,d,d,d,c,d,88,r,d,d
SW,247,d,d,d,44,c,d,d,d,c,d,55,44,44,c,55,d,d,87,c,d,d,r,d,d
SW,248,d,d,d,d,d,r,d,d,c,c,55,c,"53,44",c,d,d,d,87,c,d,d,,d,c
SW,249,r,d,d,d,d,c,d,d,c,c,55,d,44,r,c,44,d,87,c,d,r,53,d,d
SW,250,r,d,d,d,d,d,d,65,c,d,55,c,44,c,c,d,r,d,c,d,53,,d,44
