Transect,Position,98P1,98P2,98P3,98P4,98P5,98P6,98P7,98P8,98P9,98P10,98P11,98P12,98P13,98P14,98P15,98P16,98P17,98P18,98P19,98P20,98P21,98P22,98P23,98P24
NE,1,l,54,,,,,,,,,,,,,,52,,,52,52,,,,
NE,2,l,l,,,52,,,,52,,,16,,,,52,,,52,,,,,44
NE,3,l,l,,l,52,,,19a,52,44,,,,,, ,,,52,52,,9,48,
NE,4,,,,,,,,44,,,,16,,,,,,38,52,,,,,
NE,5,,,,,,1,l,17,,,,16,65,,e,,,38,52,,,,19a,
NE,6,,,,,,1,l,17,,,,16,65,,,,,,52,,,,,
NE,7,,,41,,,1,l,l,"52,90",,,,65,,,,,"65,51",52,,,58,,44
NE,8,92,,41,,65,l,l,l,,,,16,65,,,,,"65,51",52,,,,,
NE,9,,,41,,"55,65",,,l,,l,,16,65,,,,44,"65,51","52,41",,1,,,
NE,10,,,,,l,l,,l,,,,,65,,,,44,"65,51",52,,,,,
NE,11,r,,,,l,,,19a,,,,,65,,e,,10,"65,51",52,,,,,
NE,12,"92,16",,,,,96,,l,19,,,,65,,"e,38",,,65,,,,19a,,44
NE,13,16,,,,,l,,l,,90,,16,,90,38,,,,,,,,,
NE,14,l,,,,,,,l,,,,16,,g,"52,38",,44,,14,,,,,65
NE,15,,,41,,,,,,,,,,,,"52,38",,,,14,1,,,,"65,51"
NE,16,,,,,,44,,19a,,44,,44,,52,"e,38",,,,14,,1,,,"65,51"
NE,17,,l,41,92,,,,19a,,,,44,,52,,,,,,,1,,,"65,51"
NE,18,,l,41,,,,,19a,,41,,44,,,"m,38",,19a,65,,,1,,,"65,51"
NE,19,,,,,,l,,,44,,,60,,,,,l,65,,,,,,51
NE,20,,,,,,,,19a,,,,44,,,"m,38",,,65,,,,,,
NE,21,,96,,,,,,19a,l,,,,,,,,,65,,52,,,19a,
NE,22,,,,,,,,l,,,,16,1,,,,44,65,,,,,,52
NE,23,,96,,,,52,,30,44,l,,16,1,,,,,65,,,,16,19a,52
NE,24,,,44,,,52,,l,44,,,44,,16,,,,65,,,,,,
NE,25,,,44,,,52,,l,44,,,,,,,,,65,,,,,,
NE,26,,,,l,,,l,,44,,,,,,,,96,65,,,,19a,,
NE,27,,,41,,l,,l,30,44,69,,44,16,"29,90",,,,65,,e,,,,
NE,28,,,44,,,,l,l,,44,,,,90,,,,65,e,,,,,
NE,29,,,l,,,,1,,,44,,44,,,,,,65,,,,55,,
NE,30,,,52,,,,1,,,l,,,,,e,,,,,,,55,,
NE,31,,,52,,,,1,l,,,,,,,,,,,,,,55,,
NE,32,,,,,,,1,l,90,,,,,,,,,,,,,,,
NE,33,,,,,,,1,30,,44,,,,,,,,,,,,,,
NE,34,,,41,,,,1,,,44,,,,,,,,,,,,,,l
NE,35,,,41,38,,,1,,,,,44,,,,,44,,,,,e,,l
NE,36,16,,41,38,,,1,30,,r,,44,,,,,,,,51,,16,,92
NE,37,l,,41,,,,1,,44,,,,,,,,96,,,,,16,,
NE,38,l,,41,,16,,1,,44,,,44,44,,,,,,,51,,e,,
NE,39,"16,92",65,41,,,,r,,,,,,,,,,,,,51,,,,
NE,40,l,65,l,,,,,,,,,44,44,,,,,,,51,,,,41
NE,41,l,65,l,,,,,,,,,44,,,,,,,,51,,,48,41
NE,42,19a,65,,,,,16,,,,,16,,,,,,,,51,,,48,41
NE,43,19a,65,,,,,16,,,,,44,,,,,,,,,,55,,"41,51"
NE,44,,65,,,,,,l,,,,44,,,51,,,,,,,55,,41
NE,45,17,"1,65",,92,,,,l,,,,44,,90,51,,l,,,,,,,41
NE,46,,"1,65",,,,52,16,l,,,,"44,16",,90,51,,,,,,,,,51
NE,47,,"1,65",,l,l,52,16,55,,,,"44,16",,,51,52,,,,16,,,19,51
NE,48,l,1,,,l,52,l,55,,44,,16,,,51,,,,65,"16,e",,16,16,51
NE,49,,,,,r,52,,l,,,,1,,,51,,,,65,,,,16,51
NE,50,,1,,,,,,l,44,44,,1,,52,51,,,,65,,,,16,65
NE,51,,l,44,,,,16,l,,44,,1,,52,51,,,,65,,,,16,
NE,52,,,,,,,16,m,l,9,,1,,52,,,44,,65,,,,16,51
NE,53,,,,,65,,"1,16",1,,9,,1,,52,65,,,,65,,,16,,"51,65"
NE,54,92,44,52,10,65,,"1,16",1,,9,,44,1,,65,,,,"65,52",,,,,"51,65"
NE,55,l,,52,10,"48,65",,16,1,92,,,44,1,,,,,,52,,,,,65
NE,56,52,,52,10,,,16,1,r,72,,"44,16","1,m",,,,,,52,,1,16,,65
NE,57,52,44,,l,,,16,l,,,,44,1,,,,,,,,1,16,,65
NE,58,,,52,,16,96,,l,,,,44,1,,,,,,,,,,,
NE,59,l,44,52,,l,r,,l,92,,,44,1,,,,,,,,65,e,,44
NE,60,r,,52,,,r,,,,l,,44,1m86m44,,,,"44,1",,,,65,16,,"44,1"
NE,61,16,,,,,55,,,l,44,,44,1m86,,,65,"44,1",,,16,65,16,,1
NE,62,r,,,,,,,92,l,,,44,1,,18,65,"44,1",,,,"1,65",e,,1
NE,63,,,,,,,,19a,l,44,,44,1,,18,65,44,,,,1,55,,1
NE,64,,,,,,,,l,65,44,,,1,,18,"65,38",44,,,,1,55,,1
NE,65,,44,,,,,,,65,44,,,1,,18,"65,38",44,51,,,1,55,,1
NE,66,,44,,90,,,l,16,65,,,,1,,18,"65,38",,,,,1,16,,44
NE,67,,44,,90,,,l,16,65,l,,,1,,18,"65,38",,,,e,1,16,,65
NE,68,17,44,,,,l,l,"16,38",65,44,,,1,,18,"65,38",,e,,e,g,16,,65
NE,69,,,,,,,l,l,38,l,,16,1,,18,"65,38",,e,52,,,,,65
NE,70,,r,,,,,,38,38,,,16,,,"1,18","65,38",,51,,,,16,92,65
NE,71,44,l,,,96,r,l,"38,65",38,r,,,,,"1,18","65,38",44,51,,,,16,,65
NE,72,l,r,,,96,,,"38,65",38,,,44,,,"1,18",65,,51,,,,16,,"65,1"
NE,73,92,44,,,96,,44,"38,65",38,,,44,,,"1,18","65,51",,,,,,16,,"65,1"
NE,74,92,l,,,,,,"38,65",38,,,44,,,18,65,,,,,52,"16,51",,"65,1"
NE,75,,l,,,,,,"38,65",38,,,44,,,18,65,,,,16,"52,1","16,92,51",,"65,1"
NE,76,,,l,44,8,r,,38,"38,m",,,"44,16",,,18,,44,e,,,,"16,51",,"65,1"
NE,77,17,r,,44,8,,,"38,65","38,m",,,"44,16",,,,65,44,e,,,"38,65","16,51",,1
NE,78,,,,65,,,,38,"38,m",,,44,,,,,44,,,,"38,65","16,51",,1
NE,79,,,,l,,,,l,m,,,"44,90","44,16",,,,,,2,87,"38,65","16,51",,1
NE,80,,,,52,96,,,l,"m,41",,,44,"44,65",,52,,44,65,2,96,"38,65",16,,1
NE,81,,,41,52,,,,l,"m,41",,,44,65,,52,,100,65,,,65,16,,1
NE,82,92,,41,52,,,,l,"m,88",,,16,65,,52,,44,65,,,38,,,1
NE,83,92,,41,,,,,19a,m,,,16,65,,52,,,65,,,38,,,1
NE,84,92,r,41,29,,,,,m,,,16,65,,52,,,65,52,,38,,,1
NE,85,,r,41,,,,,,m,52,,,,,38,,,65,52,,38,,,1
NE,86,92,,41,44,,,,l,"m,44",52,,,"44,92",,38,,,65,52,52,"38,65",,,1
NE,87,92,,41,l,l,,l,16,m,52,,,92,,,,,65,52,52,65,,16,1
NE,88,,l,41,16,l,,,,m,52,,,83,,,,,65,52,,65,29,16,"1,44"
NE,89,,c,41,,l,,,,m,,,,,,,52,,65,,,65,"89,e",,1
NE,90,,c,41,,,r,,l,"m,92",,,,,,,52,,,,,65,89,55,1
NE,91,44,c,41,44,l,,l,16,"m,92",,,,92,,,52,44,,,,65,"89,16",55,51
NE,92,92,,l,,,r,,65,,,,,,,e,,,,,,,16,55,51
NE,93,l,,l,,,,l,55,"m,41",l,,,92,,e,,,,,,,e,,"51,65"
NE,94,16,l,44,,,,,55,m,44,,,,,e,,,65,,,,,,"51,65"
NE,95,52,,,,,,,55,"m,92",,,,,,,,96,65,,,,e,92,"51,65"
NE,96,l,,,,,,,l,m,,,,,,,,100,"51,65",,52,,"e,16",,"51,65"
NE,97,l,,,,,,1,l,"m,44",l,,,,,,,,"51,65",,,,16,,"51,65"
NE,98,r,,,,,,1,l,m,l,,,,,,,,"51,65",51,,,,,"51,65"
NE,99,,,l,,,,,l,"m,92",,,44,,,,,,"51,65","51,65",,,,,"51,65"
NE,100,l,,l,,,1,,l,m,,,65,,,,,,"51,65","51,65",,,16,,"51,65"
NE,101,,,l,,,1,,65,"m,92",2,,65,,,,,100,"51,65","51,65",,,,,"51,65"
NE,102,,,l,,,1,,l,69a,"2,41",,"65,44",,,,,,"51,65","51,65",,,,,"51,65"
NE,103,,l,,,,1,,l,l,2,,65,,,,,,51,"51,65",,,,,"51,65"
NE,104,,,,,19a,1,,l,92,,,65,,,,,96,51,"51,65",,,,,"51,65"
NE,105,44,,,,,,,1,92,2,,65,,,,,,"51,65",,,,,,"51,65"
NE,106,,52,l,,,,r,1,92,2,,,,,,16,44,"51,65",,,,,,"51,65"
NE,107,,52,,29,,,,1,92,,,,,,,16,44,65,,,,,,"51,65"
NE,108,,,,,,,,1,92,,,,,,,16,,"51,65",,65,,,,"51,65"
NE,109,,,,44,,l,,,l,,,,,,,"16,e",,"51,65",,,,,,65
NE,110,19a,,,,,l,,,3,,,44,,,,,,"51,65",,,,,,65
NE,111,l,l,l,,,,,l,17,,,44,,,,,44,"51,65",,65,,16,,65
NE,112,,,,,,,,92,92,,,65,,,,,,"51,65",,,,16,,65
NE,113,92,,,,,,,l,,,,"65,44",,,,,,,,,,16,,
NE,114,,,,,,,,l,,,,,44,,,,44,,,,,,,
NE,115,l,,,,16,,,l,l,16,,16,,,e,,44,,52,,,e,,
NE,116,,,,,,,,l,3,,,16,,,,52,44,,52,e,,,,44
NE,117,,,,,,1,,92,"17,99",,,16,,,,52,,,52,,,,,44
NE,118,,,l,44,,1,,l,,,,16,,,e,52,44,,"52,1",,,,10,44
NE,119,,,l,,,,,l,l,44,,,,,,52,,,1,,,,10,44
NE,120,r,,65,,,92,l,l,"3,17",44,,,,,,52,,,1,,,,,44
NE,121,l,,65,29,,,,,,,,44,,,,,52,e,1,,,16,,
NE,122,l,,65,,,,l,44,,,,16,65,,,,52,e,1,,,"16,e",,
NE,123,,,65,65,,,,,,,,16,65,,,,52,,1,,,16,,
NE,124,l,,l,65,,,l,,,,,,65,,,,52,,,,,"16,e",,
NE,125,l,,52,65,,,,,l,,,16,16,,,,,e,,,,e,,
NE,126,l,,52,"65,88",16,,,,l,38,,16,,,,,,,,e,,,,
NE,127,,,,,l,,m,,l,38,,,,,"52,50",,,,,,,16,,44
NE,128,,,1,92,,1,,l,65,38,,16,,,"52,50,51",,,,,,,19a,,
NE,129,,,,92,l,1,,65,65,"38,65",,,,,"50,52,51",,,,,,89,16,90,
NE,130,,52,r,44,,,m,65,65,"38,65",,,,,"52,51,50","52,44",,,16,,,16,,44
NE,131,l,52,90,,,,m,65,65,"38,16a",,,,,"52,51,50","52,44",,,16,,,16,,44
NE,132,,52,,,,,m,65,65,,,"44,52",17,65,"51,50",52,,,16,,,16,,
NE,133,,,,,16,,m,l,65,68,,52,,"65,51","51,50",52,,,,,,19,38,44
NE,134,l,,,,,,m,l,65,,,52,,"65,51","65,50,50",,,,,,,,38,44
NE,135,l,,,92,l,,m,l,65,,,52,,"65,51","65,51",,,,,,,19a,38,
NE,136,l,,l,,l,,m,65,,,,,,51,65,52,52,,,,,16,38,
NE,137,1,52,l,44,44,,m,65,,l,,,,51,,,44,,,,,68,"38,89",44
NE,138,1,l,,44,,,m,65,l,,,,,51,,,,,,,,,89,44
NE,139,1,l,,,,,,65,l,,,,,51,,,44,,,,,,,
NE,140,1,,52,,l,,,65,,,,,,51,,,,,,,,,,44
NE,141,"1,44",,,38,,,m,65,92,16,,,,51,,,,,,,,,,44
NE,142,"1,44",,,38,,,,65,,16,,16,,"65,51",,,,,,,,,,1
NE,143,1,,,38,44,,l,,l,16,,65,,"65,51",,,,,,,52,,,1
NE,144,1,,,38,44,,l,,,16,,65,,51,,,,,,,52,,,
NE,145,1,,,38,44,,,l,,,,65,92,51,,,,,65,,52,,,
NE,146,"1,44",l,,"38,65","44,52",,,,,89,,65,,,,,44,,65,, ,,,
NE,147,"1,92",l,52,"38,65",52,,l,l,19a,,,65,,,,,,,65,,,,,
NE,148,1,,52,"38,65",,,17,52,,,,65,,,,,,,,,,,,l
NE,149,,l,52,65,,,l,l,r,,,41,,,,,,,,,,,,
NE,150,l,,,,44,,17,l,r,,,41,17,,,e,,,,,,,,
NE,151,l,,,,,,17,l,10,,,65,,,,,,,89,,,,,
NE,152,44,92,,,,,44,l,19a,,,65,,,,,,,,,,,,l
NE,153,l,,r,,,,38,l,10,,,65,,,,,,,,,e,,,l
NE,154,l,92,r,,l,,38,44,,,44,65,,,,,91,,,e,,,,"l,44"
NE,155,65,19a,52,,l,,38,17,,,65,65,66,,,,,,,,16,e,,"l,44"
NE,156,65,,52,44,l,,,44,,,65,65,,,,,,,,,,,,
NE,157,65,,52,,41,,l,r,r,,65,,,,,,52,,,,,16,,
NE,158,65,92,52,,41,,,l,,,65,65,,,,,,,,,,,,
NE,159,65,,,l,41,,,44,,,,65,,,,,,,,,,,,44
NE,160,65,92,52,l,41,1,l,44,,52,,65,,,,,,,,,,,,44
NE,161,65,92,,,l,1,,l,,52,,65,,,,,,,,,,e,,
NE,162,92,,,,l,1,,l,,52,r,65,,,,e,91,,,,,e,,"44,52"
NE,163,l,,,44,l,1,1,l,,52,,65,"44,17",,,,,,,,,,,
NE,164,1,,,44,,"1,96",1,l,,"52,83",,16,,,,e,,,,,,,,
NE,165,l,44,l,,,,1,92,65,52,92,,,,,,,,,,,,,
NE,166,44,,52,,,,1,55,65,,,,,,,,,,1,e,16,,,44
NE,167,92,,,r,,,1,55,65,,,,,,,,,,1,,,e,,
NE,168,l,44,,,"16,69a",,1,17,65,,,16,,,,,,,1,,,,,
NE,169,l,l,,44,96,44,1,44,65,,,16,,"44,17",,,,e,1,,,e,,
NE,170,l,92,,44,,,,l,65,9,,16,,44,,,,,"1,65",,16,,e,r
NE,171,,l,,,,,l,l,65,9,,44,,44,,e,,,65,,16,,,
NE,172,,,,"44,90",,,l,65,,,,44,,44,,16,,,65,,16,,,
NE,173,,l,,"44,90",44,l,,65,,,,44,,69a,,16,,,,,,,,r
NE,174,,,,,,,,65,,,"92,86",44,,17,,,,,,,,,,
NE,175,,44,,44,,l,l,"44,92",44,,,"44,52",,17,,,,96,65,,,e,,
NE,176,,44,"52,65",,48,96,,19a,,,,52,,"44,69a",,,,96,65,,,e,,
NE,177,l,"44,92",,,,44,,19a,,,92,,,17,,e,44,,65,,1,,,1
NE,178,,44,,,,,l,19a,,,l,,,17,,e,,,65,,1,16,19?,1
NE,179,,44,,,44,,,19a,,l,87,"16,92",,17,,e,,,65,,1,16,19?,
NE,180,,,r,r,44,,,l,,l,92,,,,,e,,,65,,1,16,,1
NE,181,,,,,,,,l,,,92,l,,17,,,44,65,65,,1,16,,1
NE,182,,,,44,,,,l,,,,l,,,,16,100,65,90,,1,16,52,"1,44"
NE,183,,,,,,,,l,44,,,,,,,16,100,65,,,,"16,51",52,1
NE,184,,,,m,,,44,l,,44,,92,,17a,,16,100,65,,,,"16,51",52,"1,30"
NE,185,,,,"48,m",,,,,,44,44,"16,44",,44,e,,100,,,,,"65,16,51","52,65",1
NE,186,l,,l,,,,,92,,41,86,,,g,,,100,65,,52,,"65,16,51",65,1
NE,187,,,,92,,,,92,,,86,16,"38,52",,51,,100,51,,52,,"65,51",65,1
NE,188,,44,,l,8,1,,55,,,,16,"38,52",,"51,65",,100,"65,51",,52,,"65,51",65,1
NE,189,,92,,,,1,,,,,,16,"38,65",17,"51,65",,100,"65,51",,"52,1",,"65,51",,
NE,190,,,44,,l,1,,l,,,,"16,92","38,65",44,"51,65",,100,"65,51",,"52,1",,"65,51",,
NE,191,,,,,l,1,,l,,,,16,"38,65",,51,,,"65,51",1,1,,"65,51",,
NE,192,,,,90,19a,1,,l,,,79,16,"38,65","65,92",51,,,51,1,,,"65,51",,r
NE,193,,,,44,l,1,,l,,,79,16,"38,65","65,44",51,,,,1,,,"65,16,51",,
NE,194,,,l,44,l,1,l,55,65,,79,16,"38,65","65,44",51,,,,,1,,16,,65
NE,195,,48,l,44,,1,,l,65,,79,16,"38,65",44,,,,,,,,16,,65
NE,196,,,41,,54,1,,19a,65,44,79,16,65,44,,,,,65,,,16,,65
NE,197,,,l,,"54,65",1,,19a,65,l,79,16,65,,,,,,"51,65",,,16,,"65,38"
NE,198,,,l,,65,"1,44",l,l,65,41,,,,,,,100,,"51,65",,,,,"65,38"
NE,199,,l,l,,65,1,,19a,38,41,,44,,16,,,,,"51,65",,,,,
NE,200,17a,l,52,,,"1,44",,19a,,41,,44,,,,,,,"51,65",,,,41,
NE,201,l,23,52,44,,1,,19a,,41,44,16,,,,,,,51,,16,"92,16",,
NE,202,44,44,52,,l,1,,r,,41,44,16,1,,,,,,,,,16,,
NE,203,,44,r,,l,,l,,,,44,16,1,,,,,,,,,16,,
NE,204,l,,,"1,44",52,,l,44,l,,,16,,,,,,,,,,16,,
NE,205,,,,,52,,,,g,,,16,,,,,,,,,,16,,
NE,206,,,l,,,l,,,3,l,,16,44,,,e,,,,,,16,,
NE,207,,,l,l,,,,l,,l,92,16,,,,,100,65,,,16,16,,5
NE,208,,l,l,,,,l,55,,,92,16,,,,,100,65,,,,16,,5
NE,209,,,,,,,,55,,,,,,,,,,"65,51",,,,,,5
NE,210,,,,44,,l,l,19a,,16,,16,38,52,,,,"65,51",,,,16,,41
NE,211,,,,l,,r,l,19a,,l,,,38,52,,,,"65,51",,,,16,,
NE,212,,r,l,l,,65,,19a,r,l,,,"38,65",52,,,,65,,,,16,,
NE,213,,l,,r,52,65,,19a,,l,,16,"38,65",,,,1,65,,,,16,,r
NE,214,19a,,44,,52,65,l,19a,r,16,,,"38,52",,,,1,65,,,,16,,
NE,215,,,,,52,65,l,19a,,,,,52,,,,1,"65,51",,,,,,
NE,216,,65,r,r,52,,44,l,38,38,44,,,,52,,,65,65,,,,,
NE,217,,65,,,,,,,38,"38,16",44,,92,,52,,,65,"65,50,51",,,16,"10,57",
NE,218,19a,65,,48,90,,,92,38,16,92,16,,,,,,"65,e","50,51",,e,,,
NE,219,44,65,,l,,,,,38,38,2,16,,,,,,65,"50,51",,,16,,5
NE,220,44,65,r,19a,r,,,,38,38,,16,,,,,,65,"50,65",,,16,,
NE,221,l,65,l,l,,,,l,65,41,,16,,,,,,65,"50,65",,,16,,
NE,222,l,,,,r,,,,65,l,2,16,,,,,100,65,"50,65",,,,,
NE,223,l,,r,19a,,,,l,65,,2,16,,52,,,100,65,65,,,16,,
NE,224,l,l,r,,52,,,,65,16,2,44,52,52,,,,,65,,,16,,
NE,225,"1,92",,r,r,52,,,19a,38,16,2,16,,,,,,,65,,,16,,
NE,226,"17,1",,,r,,,,l,38,,,16,,,,,38,,65,,,,,
NE,227,"17,1",,,r,,,l,l,38,,52,,,,,,,e,65,,,,,
NE,228,1,r,,,,r,l,l,38,,52,,,,,,,,65,,,16,,
NE,229,1,,,"69a,92",52,,l,l,"38,65",38,52,16,,,,e,,,65,,,16,29,
NE,230,1,,,92,l,,1,l,"38,65",38,,16,,,52,,,,65,,,16,29,
NE,231,1,,65,l,,,1,l,65,"38,65",,16,,,,,,,65,88,,,,52
NE,232,,,65,l,,,1,l,65,"38,65",,16,,,,,48,,,88,,,,52
NE,233,,,65,44,69a,,1,l,65,"38,65",,16,,,,,,,"51,65",88,,16,16,52
NE,234,,,,44,,,1,,65,"38,65",,16,,,,,,,"51,65",88,,16,,41
NE,235,1,,,l,19a,,1,,l,"38,65",,16,,,,,,,"51,65",,,16,,41
NE,236,1,,,,,1,1,,l,"38,65",,16,,,,,,,"51,65",,,16,,41
NE,237,1,,,,l,1,,,,"38,65",r,16,,,,,44,,"51,65",,,16,,r
NE,238,1,92,,16,,,l,19a,,"38,65",,16,,47,,,,,"51,65",,,,,r
NE,239,1,l,r,,,,l,,55,"38,65",,16,,,,,,,"51,65",,17,,,41
NE,240,1,l,,,,,16,,55,"38,65",,16,,,,,,,"51,65",,,,,
NE,241,1,l,,,,52,l,l,55,"38,65",,16,,,,,,,"51,65",,,,,
NE,242,1,52,,,,,l,,55,"38,65",44,,,,,,44,,6,,,,,
NE,243,1,52,,38,,,,,55,"38,65",44,41,,,,,,,,,,,51,52
NE,244,1,52,,"38,65",,,,,55,65,,41,,,,,,,,,,,"51,65",52
NE,245,"1,44",,,"38,65",,,,,55,65,,41,,,,,,,41,88,,16,"51,65",52
NE,246,1,52,65,"38,65",,,,41,"55,65",65,,,,,,,,,60,,,16,"51,65",52
NE,247,1,52,"44,65","38,65",,,,l,,65,r,16,,,,e,44,,66,,,,"51,65",r
NE,248,1,,65,"38,65",l,,r,l,,65,,16,38,,,,44,65,66,,,16,"51,65",
NE,249,1,,65,"38,65",,,,l,r,65,,16,38,,,,44,65,66,,16,16,"51,65",r
NE,250,1,l,,65,,,,l,,16,,16,38,,,,,"65,51",66,,16,16,51,41
NW,1,r,,l,,,19a,,41,,,,r,,,,,1,,,68,,16,,
NW,2,,r,l,,,,,41,,,,,,,,17,,,,,,16,,
NW,3,,l,l,,,l,,41,,,,17,,,,17,19a,,,,,16,1,
NW,4,r,19a,l,44,,l,16,41,41,,l,l,,,,,,,,"9,52",,16,1,1
NW,5,,,,44,,"1,92",l,41,41,,,l,,,,,,,,9,,,"1,81",1
NW,6,r,,41,44,16a,1,,41,,44,,1,,,,,,,,,,16,81,1
NW,7,,,41,,,1,,l,41,,l,1,,,,,,,,52,,1,65,
NW,8,r,,52,,,69a,44,l,41,,l,,,,,,16,,,52,,1,65,
NW,9,,,52,44,49,44,,l,41,,92,,,44,,,,,,,,"1,52",,1
NW,10,l,,"38,52",,,,,,41,,,,,,,,,,,,,1,,1
NW,11,,,"38,52",,,,,,41,,44,,16,,,e,,,,,,1,,1
NW,12,,44,"52,65",44,,,,89,41,,90,,,,,,,51,,,,1,,1
NW,13,19a,,65,,,l,,,41,,90,1,,,,,,51,,,,"1,9",,1
NW,14,,,65,,,86,,,41,,,,44,,,,,51,,,,1,,1
NW,15,,,"38,65",96,,,68,,41,,,,41,,,,,51,,,,1,,1
NW,16,,,,96,,65,,r,41,,l,,,,,,,,,,,1,,1
NW,17,,,,,,65,,,41,l,19a,,,,,,,,,,,16,95,
NW,18,,,,,,65,,,,l,44,,,,,,,,,51,,65,,
NW,19,92,,,,,65,,,,l,,,,,51,52,,,,51,,65,,92
NW,20,,,65,,,65,,,l,,l,,,,"51,65",52,,,,,52,"65,51",,
NW,21,l,16,65,l,,65,,,l,,69a,,,,65,52,l,,,,,"65,51",,
NW,22,,92,65,l,,65,,l,,44,19a,l,16,,65,52,65,,,1,,"65,51",,44
NW,23,,,65,16,l,65,,,19a,,,l,16,,65,,"65,51",,,,52,"65,51",65,44
NW,24,l,,38,16,,65,,,41,,44,l,16,,65,,65,,,,,"65,51",65,44
NW,25,19a,,38,16,,65,,,41,65,,l,16,,,,65,,,51,,"65,51",,44
NW,26,19a,,38,l,,1,,44,,65,,l,16,,,,65,,,,,51,,44
NW,27,44,,,l,,1,,,,,l,l,16,,,,65,,,1,52,51,16,
NW,28,44,,l,l,,1,,,19a,1,,l,16,,52,,8,,,1,52,51,16,l
NW,29,r,,l,l,,1,,,23,1,,l,16,,52,,l,,,1,52,51,16,l
NW,30,,r,65,l,,1,,,10,1,,44,16,,52,,l,,,1,52,51,16,
NW,31,19a,,l,l,,,,,10,1,65,,16,,52,,l,,,1,,51,16,44
NW,32,,,l,l,,,,,19a,"1,65",65,,,,52,,,,,1,,"95,51",16,
NW,33,,,41,,,1,,,l,"1,65",65,,92,,,,,,,1,,"95,51",16,44
NW,34,90,l,38,,,"1,52",,r,l,"1,65",65,,17,,,,l,,,1,,"65,51",,l
NW,35,,r,38,,,52,l,,16,"1,65",65,,17,,,,,,,1,1,65,,
NW,36,52,,l,,,52,,,10,"1,65",65,,16,,,1,,16,,1,,65,"16,65",1
NW,37,52,r,38,,,,,,83,"1,65",65,,,,,"1,e",,16,,,,e,65,1
NW,38,,l,l,,,,,,84,"1,65",65,,,,,1,,,,,,"e,65","60,65",1
NW,39,,,l,,,,l,44,,1,65,19a,16,,,1,,,,,,"e,65","60,65",1
NW,40,,,l,44,,52,,,,1,44,,92,,,1,,,,,,65,"60,65","1,52"
NW,41,,15,,"44,52",,52,,,,1,,,92,,,,,,,52,,65,"60,65","1,52"
NW,42,r,15,41,,,52,,,,,r,,38,,,,,,,"52,1",,,"60,65","1,52"
NW,43,,,41,,,52,,l,,,44,,65,,,,,,,"52,1",,,"60,65",1
NW,44,,,r,,,52,,38,,,,,"1,38",,,,,,,"52,1",,"1,87",65,1
NW,45,89,,r,l,l,,,38,l,,,,38,,,,,,,"52,1",e,1,65,"1,65"
NW,46,r,,r,52,,,,38,l,,69a,,38,"65,92",e,,,,,"52,1",e,1,,65
NW,47,,,,52,,,,38,l,,69a,l,"16,92",65,,,65,,,"52,1",,1,,65
NW,48,r,,,52,l,,,38,,65,,,"16,92",65,,,65,,,"52,1",38,1,,r
NW,49,,,r,,l,,1,38,,65,44,86,16,65,,,65,,,"52,1",38,,,r
NW,50,,52,,,,,1,38,l,"1,65",82,,16,65,,,65,19,,1,38,1,,r
NW,51,,,,,,,1,38,l,"1,65",,"38,44",16,,e,,65,,,1,38,,,
NW,52,,,41,l,,,1,38,,65,19a,38,16,"44,51",,,65,86,,1,38,,16,
NW,53,,,44,l,16,,1,1,,65,17,38,,51,,,65,,,1,38,,"16,65",
NW,54,,,"41,44",44,,,1,1,l,65,l,"38,65",,51,,,65,,,"1,65",38,95,65,
NW,55,,100,l,44,,,1,1,l,l,,"38,65",,"65,51",e,,65,,,"1,65",38,95,65,
NW,56,,,,,,,1,1,l,l,48,38,,"65,51",,,,51,,"1,65",,"95,52",65,65
NW,57,,,r,,,,1,1,l,65,l,"38,86",,,,,,51,,"1,65",,"95,52",65,65
NW,58,,r,,52,49,,1,1,l,l,,,,,,,l,51,,"1,65",,1,65,65
NW,59,,,,52,,,1,l,l,,69a,,16,,e,,,51,,"38,65",,1,65,65
NW,60,92,l,44,52,92,,,l,92,l,44,,,17,e,51,,,,"38,65",,1,65,65
NW,61,,,44,,m,65,,,92,,44,86,65,,,51,l,,,"38,65",,1,,38
NW,62,l,l,,l,,65,l,l,l,,44,86,65,,,,l,,,"38,65",,1,"16,69a",38
NW,63,,44,,l,,65,,65,,,69a,,65,,,,l,,,"38,65",,1,51,"38,86"
NW,64,,44,,44,44,65,,,44,l,l,65,65,,,,l,,,"38,65",65,1,51,38
NW,65,,,,,,65,,,44,52,l,65,65,,,e,l,,,"38,65",65,,51,38
NW,66,,,,,,65,l,,44,52,19a,65,"65,m",,,e,l,,,38,65,,51,38
NW,67,l,,,,,65,l,1,l,52,92,"65,86","65,m",,,,,,,38,65,16,"51,65",38
NW,68,,l,,,,65,l,1,44,,,65,"65,m",,,,,,,,65,16,65,38
NW,69,,l,,,,,l,1,44,,92,65,m,44,,,l,,,,,,65,
NW,70,l,,,l,,,,1,92,,,65,m,,,,l,,,16,,,65,l
NW,71,,,,l,,,,1,,,64,65,m,65,,,l,,16,,,16,65,l
NW,72,,12,,,,,l,1,,44,19a,65,m,65,e,,,,16,e,,51,65,
NW,73,r,,,,"23,44",65,l,"1,41",,44,19a,65,m,65,,,,,16,"e,92",,51,65,52
NW,74,,,,,"44,92","44,65",,1,,,,65,m,65,,,l,,16,19a,,51,65,52
NW,75,,,,,"16,44",44,"m,52",,44,,,65,m,"65,16",,,,,,16,,51,65,52
NW,76,l,,l,l,44,44,"m,52",,,,,65,m,,,,,e,,"16,92",,51,65,52
NW,77,,,,,23,44,l,,16,44,,65,m,,,,,,,e,,,65,52
NW,78,r,,44,,92,44,m,,92,,,,m,,,,l,,,"e,16",,,65,
NW,79,,,,,,44,"m,44",l,,,92,,m,,,e,1,e,,"e,16",,,65,
NW,80,,,,,,44,l,l,44,,"19a,92",,m,,,,1,,,,,16,,
NW,81,r,r,,96,,44,52,l,44,,69a,,m,,,,,e,,,,,,
NW,82,r,"19a,92",,,,44,52,92,44,,19a,,m,44,,,,,,,,,,
NW,83,r,57,,,l,,,91,,,l,92,m,,,,,,,,,,16,
NW,84,r,,l,r,,,,69a,,,"19a,96",,m,,e,,,,,e,,,16,
NW,85,,,,44,44,69a,l,l,,,19a,,m,,,51,,,,,,,16,
NW,86,,,,44,10,l,,l,,,92,,m,,e,51,l,,,,88,,16,
NW,87,89,l,,,10,,,16,1,,92,,"44,16",,,51,,,,,"88,65",,,
NW,88,,l,l,,,,,,1,,"69a,92",,m,,,"51,65",,,,,65,,,
NW,89,92,,l,l,,"1,16",,67,1,,,,m,,,51,,,,,"e,65",16,,
NW,90,,,l,l,,16,,67,1,,19a,,m,,,51,,,,,e,,16,38
NW,91,r,,,,44,16,,16,1,,,,m,,,51,44,,,38,,,16,38
NW,92,38,,1,,,16,,16,"1,38",,92,,,,,"51,65",,,,38,,,,38
NW,93,16,,1,,,16,,16,38,,92,l,,,,"51,65",44,51,,38,,,,l
NW,94,,,1,,92,,,,38,90,92,l,44,,,"51,65",44,,,38,,,,l
NW,95,90,,1,,92,1,,,38,,92,,44,,,"51,65",,,16,38,,,,l
NW,96,r,,1,,92,1,,16,38,,92,1,,,,"51,65",44,51,16,38,,,,1
NW,97,l,,1,44,,1,16,,38,,19a,1,,,,"51,52",l,51,,38,,,,1
NW,98,r,r,1,41,92,1,,,38,,92,1,,,,"51,52",l,51,29,38,,1,,1
NW,99,16,r,1,41,,,m,,38,44,,,,,,"51,50",l,,29,38,,,16,1
NW,100,16,69a,"1,44",41,l,16,l,l,"38,65",,,,,,,"51,50",l,,19,38,e,,,1
NW,101,,r,44,41,,,m,l,65,,92,,,,,51,l,,,38,,,16,1
NW,102,r,,41,44,,,l,,65,,,,,16,,51,38,,,"38,65",,,16,1
NW,103,,,44,,,,m,,65,,"92,19a",l,,,e,51,38,e,,"38,65",,,,1
NW,104,90,,44,44,,l,16,,44,,92,l,,"16,51",,51,38,e,,"38,65",,16,16,
NW,105,,,44,l,65,,16,,44,44,92,,,,,,38,e,,,,,,
NW,106,,l,44,,65,,l,,44,44,92,,,51,,,38,e,17,,,,,
NW,107,8,l,,,65,,l,,,44,92,,,,,,,,,,,,,
NW,108,r,l,44,,65,19a,l,,l,44,19a,"16,65",,,,,,,,52,,,16,
NW,109,r,,,,65,,,16,,44,,,,,,,,e,,,,,,
NW,110,8,,,90,65,,,16,l,l,92,65,,,,,44,e,,,,,,
NW,111,r,,,,65,,,,"l,86",,92,,,,,,,e,,,,,,
NW,112,r,44,,90,,,,,,l,,,,,,52,,e,,1,,,,
NW,113,8,,65,,,65,l,16,92,44,92,,"44,17",16,,52,,e,,1,,,16,
NW,114,89,,65,,,65,l,16,r,l,19a,,44,16,,,"44,10",e,,1,,16,,
NW,115,89,1,65,41,,65,l,16,r,44,19a,1,,16,,,10,e,,1,,16,e,
NW,116,89,1,65,41,,65,l,l,r,l,,1,,,,,10,e,,,,,60,
NW,117,52,1,"38,65",41,,65,l,,r,,19a,1,,,,,10,,,,,,"16,60",
NW,118,52,,"38,65",41,,65,,,52,,,1,,,,,10,,,,,,92,
NW,119,l,,"38,65",41,,,,,52,,19a,1,69,,,,l,,,,,,"16,92",55
NW,120,l,,"38,65",41,,,1,16,52,l,,1,,19,,,,,,,,,16,55
NW,121,89,,"38,65",41,,,"1,16",1,,,,1,,,,,l,,,,,,"16,92",55
NW,122,l,,65,l,,,1,1,,,,,,16,,,,,,,,,16,55
NW,123,,52,65,l,l,,1,1,38,44,92,1,,16,,,,,,,,,,55
NW,124,16a,"92,52",65,,l,,"1,16",1,38,44,,49,,16,,,,,,1,,,,55
NW,125,44,52,65,,,,"1,16","1,65",,16,19a,,,16,e,,,,16,1,,,,
NW,126,r,,65,,,,1,"1,65",,,"19a,92",,,16,,,,,,1,,92,,
NW,127,,l,65,,,,1,65,55,,"19a,92",,,16,,96,,,,1,16,,,
NW,128,2,38,,,65,,1,65,55,l,92,,,16,,,l,51,,1,,,"92,19a",44
NW,129,2,l,,44,65,,"1,52",,55,"86,16",92,,,16,,,,,,1,,,,l
NW,130,2,l,,44,,,"1,44",,,16,19a,1,,44,,,38,,,,,,,
NW,131,2,65,,44,69a,,1,,,16,19a,,,,,,,51,,"1,52",,51,,
NW,132,,65,1,,69a,l,1,38,r,,19a,,,,,,l,"51,65",,"1,52",,51,16,44
NW,133,,65,1,,,19a,1,,1,,,1,,,,,l,"51,65",,"1,52",,51,,l
NW,134,16,,1,,,,1,4,1,,,1,,,,10,,"51,65",,"1,52",,51,,
NW,135,16,,1,,,,"1,52",38,1,,19a,1,,17,,,,,,"1,52",,51,,
NW,136,,,1,,19a,,"1,52",l,1,,92,1,,51,,,,51,,"1,52",,51,,
NW,137,44,,1,,,l,"1,52",l,1,,92,1,,51,,10,,51,,"1,52",,51,,
NW,138,44,r,"1,52",3,,,"1,52",l,,l,,"1,92",,51,,10,l,51,,52,,51,,
NW,139,,,"1,52",,l,,1,l,r,l,,,,51,,10,l,,,"1,52",,51,,
NW,140,,,"1,52",,,,1,4,,,92,,,"51,65",,10,1,51,,52,e,51,,65
NW,141,,r,"1,65",,,,1,1,41,,92,,,"51,65",,e,1,,,,,,,65
NW,142,,,"1,65",,69a,,"1,16","1,69a",,l,,,16,"51,65",51,,,,e,,,16,,44
NW,143,92,l,1,,,,"1,16",1,,44,92,,16,"51,65","51,52",e,,,,1,e,,,44
NW,144,,r,1,,,,1,1,38,44,19a,,,"65,38,51","51,52",e,,,,1,e,,,
NW,145,16,r,1,48,16,90,1,1,"38,44",,92,r,16,"65,38,51",51,e,,,,1,,,,
NW,146,,,1,,,,"1,g","16,69a",65,44,,,16,"65,38,51",51,,,,,1,,,,
NW,147,,48,1,41,,r,1,69a,65,l,65,44,16,"65,38,51",51,,,,,,e,,,52
NW,148,,48,1,41,,,1,16,65,,65,,,"38,51",51,,,,,1,e,,,52
NW,149,l,,1,41,,,1,,65,38,65,r,,"38,51",51,e,,,,"1,e",e,,,52
NW,150,,l,,41,,,1,1,65,38,65,r,,"38,51",51,,,,,,,,e,44
NW,151,,,82,41,,,1,1,65,38,65,,,38,"51,65",,,,,e,e,,92,l
NW,152,,,,,,44,1,"1,52",65,38,65,r,,,51,,,,,e,,,,l
NW,153,,,,,,,1,"1,52",,"38,65",65,,,17,51,e,,,,e,,,60,l
NW,154,,,,,,l,"1,44","1,52",,"38,65",,,16,17,,,,,,,,16,"60,16",44
NW,155,,,,,l,,1,1,,"38,65",,,,17,,,,,,,,16,16,
NW,156,,,,,16,,1,1,,"38,65",65,86,1,17,,,,,,e,,,16,
NW,157,92,,90,,16,l,,"1,92",,16,65,44,1,17,,,,,,e,,,"51,16",
NW,158,,,,,16,,16,,,16,65,44,1,,,,44,,,,e,,"51,16",44
NW,159,,l,,,16,l,,,,16,65,,1,,,,,,,e,,16,"51,16",44
NW,160,,l,1,19a,16,,l,,92,l,,,1,72,,,,,,,,,"60,65",
NW,161,,,1,82,16,65,,16,m,,r,38,1,92,,,44,,,,,,"60,65",
NW,162,,l,1,,16,65,,16,m,,l,38,,92,,,44,,,65,,,"60,65",
NW,163,19a,l,1,23,,92,,"16,92",44,l,19a,38,,,,,44,,,65,,,65,44
NW,164,,44,,96,l,l,,,,44,19a,"38,65",,,,,,,16a,65,,,65,44
NW,165,,l,,96,,l,16,16,92,,19a,"38,65",,,,,90,,,65,,,65,44
NW,166,,,,,,,,4,,,92,"38,65",,17,,,44,,,65,,,,
NW,167,,l,,,,,,4,,,19a,38,,17,,,,,,65,e,,,
NW,168,,,,,,,,,,,48,38,17,,,65,,,,,e,,,44
NW,169,92,52,44,44,,44,1,16,44,,19a,38,,,,,l,,16,,"e,38",,65,
NW,170,92,,,,,,1,69a,55,,,,,,,,,,,,"e,38",,65,
NW,171,16,,,l,,44,1,16,55,44,19a,,,,,e,,e,,,"e,38",,65,1
NW,172,16,,,l,l,44,1,16,55,,19a,92,,,,,,e,16,,"e,38",16,65,1
NW,173,,r,15,,,,1,16,"55,86",,,,,1,,,,,16,,"e,38",,65,
NW,174,92,65,l,,,,1,16,55,,19a,,,1,,,,,16,,38,,65,
NW,175,l,65,r,,,,1,16,55,52,,,,1,,,,,16,,38,,65,
NW,176,,65,l,"49,96",,44,1,l,55,52,19a,44,,"1,17",,,,,16,,38,,"38,65",
NW,177,,65,,,,,1,l,55,52,,,,1,,,,,16,,38,,"38,65",
NW,178,l,65,,l,,r,1,,r,52,,,,,,,,,16,,,,"38,65",
NW,179,l,65,r,l,,r,1,59,,44,19a,,,,,,,,,,65,,"38,65",
NW,180,l,38,,,,,1,"59,69a",,,l,,,,,,,e,,,65,,"38,65",
NW,181,,38,,,,,1,75a,,l,l,,,,,e,,,,,65,,"38,65",44
NW,182,41,65,,,16,l,1,l,,,,,,,52,e,,e,,,65,,"38,65",
NW,183,41,65,,,,,1,l,,,,r,"41,44",,52,e,,e,,,,,"38,65",
NW,184,,,65,,,,1,,,44,,,,17,52,e,l,,,52,e,89,"38,65",44
NW,185,,,65,,16,,1,16,65,,,,,17,52,e,,,,52,65,89,"38,65",
NW,186,,,65,,,,"1,65",,,,19a,,,,52,,,,,52,,,"38,65",
NW,187,,,65,,,,"1,65",75a,r,44,19a,,,17,52,,,e,,,65,,"38,65",
NW,188,,,65,,,,"1,65",1,,,l,,,17,,,,"e,65",,,e,,65,
NW,189,,l,56,l,,44,"1,65",,65,,19a,,,19a,,e,,65,,,,,65,
NW,190,,l,"1,65",,,44,1,l,65,,19a,16,,,,e,44,e,,,,,65,
NW,191,,l,"1,65",l,,,1,l,65,,19a,,16a,,,,,,,,,,65,
NW,192,19a,l,"1,65",,,,1,l,65,,,,92,,,e,,,16,55,,,65,52
NW,193,l,69a,1,,l,90,1,l,65,86,,44,,,52,9,,,,52,,,65,52
NW,194,19a,"92,g",1,,l,,1,l,65,44,19a,,,,52,9,l,,16,52,,,9,52
NW,195,l,g,1,l,l,44,"1,52",64,65,,,,,,52,9,,,,52,,,9,
NW,196,1,l,,l,,44,"1,52",l,,,,,,,52,9,,,,,,,"9,52",
NW,197,1,17,92,,,44,1,1,,,19a,,92,,,"9,e",,,,,,,"9,52",
NW,198,1,l,l,1,,"44,86",1,l,,,l,9,,,,e,l,,,,,,"9,52",
NW,199,1,16,,1,r,86,1,l,,,16,9,44,,,e,44,52,,,,,"9,52",
NW,200,"1,16",92,,1,,,1,l,19a,l,55,9,"38,16",,,,,52,,,,,16,
NW,201,1,92,r,1,r,,"1,44",,,,55,9,,,,41,,,,,,,,
NW,202,1,44,l,l,,,"1,52",,,,,"9,44",,,,41,65,e,,,,,,
NW,203,1,,,l,,,1,,88,,,,,,52,"41,65",65,e,,,,,,
NW,204,1,,,,l,,1,,,44,19a,,16,,52,65,65,,,,,,,
NW,205,,,92,,l,,1,,,,19a,,16,,,65,l,,52,,,,,44
NW,206,16,65,l,,,,1,,44,,47,l,,,,65,65,,52,,,,,
NW,207,l,65,,,r,44,1,,44,44,"19a,44",l,,,,"65,e",65,,52,,e,,,
NW,208,19a,65,,r,,,1,,44,44,,,,,,,65,,,,52,,,
NW,209,,,,,l,,,,65,,19a,52,,17,,,65,,,,"65,52",,,
NW,210,92,1,,44,,44,,,65,65,"44,92",16,,,52,,65,,,,"65,52",,,44
NW,211,92,16,,44,,44,,,65,65,,16,,17,,,38,,,,"65,52,51",,,
NW,212,17,16,,1,,44,,,65,65,,,,,,,38,,,,"65,52,51",,,
NW,213,,44,,1,r,44,92,,65,ll,44,,,,52,,,,,,"65,51",,,
NW,214,,44,,1,,90,1,l,65,38,,l,,,52,,,,,,"65,52",,,
NW,215,l,l,l,1,44,44,1,4,65,38,,l,,17,,,,,,,52,,,
NW,216,,"44,1",,1,44,44,l,l,65,l,,65,,17,,52,,,,,9,,,
NW,217,38,1,,,,44,l,,65,l,92,"65,38",,17,52,52,,,,,9,,,44
NW,218,38,1,"1,44",44,,44,,l,"38,65",l,92,"65,38",,,52,52,,,,,9,,,
NW,219,38,1,,l,44,16,,,38,65,,"65,38",44,,,52,,,,,"9,65",,,
NW,220,38,1,,l,,l,,,,65,,"65,38",,,,52,l,,,,65,,,44
NW,221,38,1,,,,44,,,,44,,"65,38",,,,,l,9,52,,"1,65",87,,
NW,222,38,,15,,,44,,l,65,,,65,,,52,,1,,52,e,65,87,,1
NW,223,38,,,,,l,92,"4,38",65,,,65,16,,,,1,e,52,,65,16,,1
NW,224,"16,38",,,44,,l,,"4,38",65,,19a,65,,,,,1,,,,65,16,,1
NW,225,"16,38",,,44,,l,,38,38,,,,,,52,,l,,,,65,16,,1
NW,226,"16,38",,,l,,44,19a,38,38,l,,52,,,52,,1,,52,,,98,,1
NW,227,16,44,,l,92,1,,38,38,,19a,52,,,52,,1,,52,,,98,,"1,44"
NW,228,16,,,,,1,,38,38,,,52,,,,,1,,52,,,98,,
NW,229,16,16,r,,,1,69,65,38,1,19a,52,92,,,,1,,,,,98,"65,28",
NW,230,,16,,,,"1,29",,65,38,44,,52,,,,,1,,,,,98,"65,28",
NW,231,l,19a,,,,1,,65,,l,44,,,,,,"1,65",,,e,,,"65,28",
NW,232,,l,,,,1,,65,,,,,92,,,,"1,65",,52,,9,,"65,28",44
NW,233,,l,,,,1,92,65,,,92,,16a,52,,,"1,65",,52,,"9,e",,65,l
NW,234,,l,,,,1,92,l,,l,92,92,,52,,,"1,65",,52,"e,90",9,,16,l
NW,235,,,,,,1,19a,16,,,92,,65,,52,e,"1,65",,52,90,"9,e",,,
NW,236,,,,,,1,16,16,,,19a,92,65,,52,,"1,65",e,52,90,9,,,
NW,237,65,,l,,,1,16,16,,,19a,"92,41",65,90,52,e,"1,65",,"52,9",e,,,,
NW,238,65,,,,,"1,65",,16,,,92,41,65,,,,"1,65",,52,90,,,,
NW,239,65,,44,,,1,,,1,,92,41,65,52,,e,"1,65",,52,e,,,,
NW,240,65,"1,92",,1,,1,,92,16,l,,41,,52,,,"1,65",,,e,52,,,
NW,241,65,1,,1,,1,ll,92,16,,17,,16,52,,,"1,65","e,52",,e,52,,,
NW,242,65,1,44,1,,1,,92,16,,,,,,65,,"1,65","e,52",10,e,,,16,
NW,243,65,1,44,1,44,1,16,,,,19a,,16,52,,,"1,65","e,52",10,e,,16,,
NW,244,41,1,l,1,44,1,,l,16,,17,,,52,,,"1,65",,10,16,,,,
NW,245,41,1,,1,,1,38,l,,1,92,41,,52,,,1,,,e,,16,81,
NW,246,"65,41","1,44",,,,,,92,16,1,92,,,,,,1,,16,90,,16,81,
NW,247,65,1,,,,,,92,65,52,,,16,,,,1,,,90,,16,81,
NW,248,65,1,l,44,,l,38,92,65,,,41,,,,,1,,,"90,e",,16,81,
NW,249,65,1,l,44,44,l,38,,65,,l,41,,,,,l,,,,,,65,l
NW,250,,1,l,38,l,,38,,65,,l,41,,,,e,l,,,,,,65,l
SE,1,l,l,52,r,,38,1,l,,51,,,,,,1,1,,,"16,m",89,,,
SE,2,l,l,52,,,38,1,,,51,,,,,69a,"1,e",,,,"16,m",89,,,
SE,3,l,,52,,,38,1,99,52,51,1,,,,19a,e,,,,m,,,,
SE,4,l,38,"52,82",,l,38,1,99,52,51,1,,,,16,,,,,m,,,90,60
SE,5,l,r,52,,,38,"1,65",,52,51,1,,,,16,e,,,29,"16,m",,,,60
SE,6,,,52,,,38,"1,65",,l,51,"1,52",16,,,16,e,,,,"m,16,55",,,,60
SE,7,,,52,65,,38,"1,65",,,51,52,16,,,,e,,,,"m,16,55",,,,60
SE,8,l,41,,38,,"38,65","1,65",,,51,52,16,,65,,,,,,"16,m",,,,60
SE,9,44,41,,,,65,"1,65",,,51,52,,,65,,,,,"29,52,86","16,m",52,,,
SE,10,,41,,,r,65,"1,65",,,51,"1,9",16,16,65,,,l,,"86,52","65,m",,,,
SE,11,,41,,r,,65,1,55,,,,,92,"65,51",,,,,52,"65,m",,,,
SE,12,l,30,,,44,r,1,55,,,l,,92,"65,51",,,,,,"65,16",,,,
SE,13,,r,,,,r,1,55,l,,51,,,"65,51",,,,,,"65,16",89,,,
SE,14,,r,,,,,1,,,,51,16,9,"65,51",,,,,,"65,16",,,,
SE,15,,r,,44,,,1,,,,51,l,9,"65,51",,,"65,51",,,16,,,,
SE,16,,r,,,,l,1,55,,65,51,l,"9,96","65,51",,,"65,51",,,"16,m",,,,60
SE,17,,41,,,,l,l,,,65,51,l,9,"65,51",,e,"65,51",65,,m,,,,60
SE,18,,,,r,r,l,l,,,"65,51",,16,9,65,16,,"65,51",65,,"16,m",,,,
SE,19,,,,,,r,l,,,65,,16,"9,38",65,16,,"65,51",65,,"16,m",,,,65
SE,20,"1,30",65,,,,,l,,,65,,16,,65,,,"65,51","65,16",,"16,m",,,65,65
SE,21,"1,30",l,,l,,,,,,65,51,,,65,,,"65,51",,,"16,m",,,65,
SE,22,1,41,,1,l,,l,,,,"65,51,52",,,,19a,,"65,51",,,,,,65,
SE,23,,41,,52,l,l,l,,,l,"51,65",,,,,,"65,51",,,,,,65,
SE,24,,41,,52,l,,1,l,,,65,,,,,,"65,51",,,38,,,65,
SE,25,,41,,52,l,r,,,,,65,,65,,,52,65,,,38,,89,65,
SE,26,,,,1,44,l,1,,,,65,,,,,52,"65,16",,,38,,,65,
SE,27,,,,1,38,52,r,,,,65,,,65,92,52,65,,,"38,65",,,,
SE,28,,r,,1,"38,44",r,,,,,"1,65",,,65,,52,65,,,"38,65",,10,,
SE,29,l,,,55,38,,l,,,,65,,,65,19a,,16,,,"38,65",,10,,
SE,30,,16,,,38,r,1,l,96,,,,,65,,52,,,,"38,65",,10,16,
SE,31,1,,,,l,,1,l,,,,,,65,,52,"1,16",,,"38,65",52,10,,l
SE,32,1,,52,,l,,"1,65",l,,44,,,,65,,52,"1,16",,,"38,65",,,,
SE,33,"1,41",,52,,81,r,"1,65",,,,l,,,65,,,16,,,"38,65",,,,
SE,34,41,,52,,81,,"1,65",l,,l,,,,65,,,l,65,,"38,65",,,,92
SE,35,41,,l,,,,"1,38,65",,,,,16,,65,16,,44,65,,"38,65",,,,
SE,36,l,r,,,,,"1,65",,,16,,92,,65,,,16,65,,65,,,,
SE,37,l,,,,l,,"1,65",38,,l,l,81,,65,,,l,"65,51",,65,,,e,
SE,38,l,,r,,l,44,"1,65",,,l,,81,,65,,1,,65,,65,,,,
SE,39,41,,,,,,"1,65",l,,l,,81,,65,16,,,65,,65,,,,
SE,40,41,,,r,l,,"1,65",l,,l,,16,,65,16,1,,65,,"89,65",,,16,
SE,41,r,41,,,,r,"1,65",l,,44,l,16,,,,52,,"65,51",,"89,65",e,,16,
SE,42,l,41,,,,l,"1,65",,,44,l,16,,,16,52,,"65,51",,89,,,16,
SE,43,l,,,44,,,"1,65",,,,l,,"92,17",,"16,92",52,,"65,51",,,,,,
SE,44,l,41,,44,,1,"1,65",,"52,51",44,,65,,,,1,l,"65,51",,,,,,
SE,45,l,41,l,,,1,"1,65",52,51,,,,,,,,,65,,,,,,
SE,46,l,,l,,,"1,44",1,,51,,,65,,,,17,l,65,,,,,,
SE,47,l,,41,r,,"1,44",1,l,51,,,,,96,,"17,e",,65,,9,,10,,
SE,48,l,,41,r,44,1,1,52,51,,,,,,,e,,65,,,,,,
SE,49,l,,41,,,,1,52,51,,,,,,e,,,65,,,,,,
SE,50,l,,41,,,,1,,55,,,,,,,,,16,,,,,,
SE,51,r,,41,,,44,l,,55,,,44,,,16,,,,,92,,,10,
SE,52,r,,41,,,,,,55,,,,,,,,17,,,16,,10,10,
SE,53,44,,41,,,,,,,,,,1,,,,,,,,"38,65",,"10,62",
SE,54,,,,,,,,,,,,,1,,55,,,16,,,"38,65",,,
SE,55,,,,,,,,,,,l,,1,,55,,,,,,"38,65",,,
SE,56,,30,,,52,l,,52,,,,16,1,,55,,,1,,52,"38,65",,,
SE,57,,30,41,,52,65,,52,l,,,,1,,55,,,16,,,,,,
SE,58,,16a,41,,52,65,,,l,,,16,1,,55,,,1,,,,,,
SE,59,1,,41,,52,65,,,,,,l,1,,55,,,1,,1,,,,
SE,60,1,,41,,,65,l,,,,l,,1,65,,,,1,,1,,52,,
SE,61,,,41,,,"38,65",,,,44,l,l,1,65,,,,1,,1,,52,,
SE,62,,,41,,,"38,65",r,52,,,l,l,1,65,16,e,,1,,1,,,,
SE,63,1,,41,,,l,,52,,,,,1,65,16,e,l,16,,1,,10,,
SE,64,l,,41,,44,l,,52,,,,,1,65,16,,l,16,,1,,10,,
SE,65,,,41,,,l,,52,,,38,1,,65,16,,l,16,,,,10,,
SE,66,l,,41,,,l,,52,,,38,"1,17",,,,,,,,,,10,,l
SE,67,l,,41,,,l,,52,,,38,17,65,,,16,19a,1,,1,,,65,l
SE,68,1,,41,,,l,l,l,,,,l,65,,,,92,1,,,,,65,l
SE,69,"1,41",,41,,,2,l,,,52,,l,65,,,,,1,,,,,65,l
SE,70,"1,41",,,,,2,,,l,52,,,"65,38",,16,,,1,,90,e,,65,60
SE,71,"1,41",,,,,l,,52,l,52,,65,38,,16,,,1,,,,,65,
SE,72,"1,41",,,,,52,,52,,52,,65,38,,16,,,1,,,,,65,
SE,73,1,44,l,,,"2,52",1,52,,52,,65,,,16,,"92,g",1,,90,,,65,
SE,74,1,44,,,,"2,52",,52,,52,,65,,,,,92,1,,90,,,65,
SE,75,1,44,44,,,"2,52",1,52,,52,,65,,,,,92,1,,,,,65,
SE,76,1,,,,,,1,52,,52,,65,,,,,92,1,,,,,65,
SE,77,l,,l,44,,,l,52,,,,,,,,,92,1,,,,e,"65,90",
SE,78,l,,,,,,1,52,l,,,,,,e,,92,1,,,e,,65,
SE,79,l,,,,44,,1,52,,l,,16,,,,e,92,1,,,,,65,
SE,80,l,,,,l,,1,52,44,,,l,,,,,92,1,,,16,,65,
SE,81,1,,,,l,,1,"52,65",,,,,,,,,l,1,52,,89,,65,l
SE,82,1,30,,,l,,1,"52,65",,,,l,,,,,l,1,52,,,,65,
SE,83,1,,,,,,,"52,65",l,,,,,,,,l,1,52,,,,,l
SE,84,1,,,l,90,,l,"52,65",,,,,,,,,,1,52,,,,,
SE,85,1,,,,l,,l,"52,65",,44,,,,,,,,38,,,,,,l
SE,86,1,,,,l,44,,"52,65",,,,l,,m,16,e,l,38,,,,,,
SE,87,1,,l,,90,,1,"52,65",,,10,l,,m,16,e,,"65,38",,,,,,
SE,88,1,,,,r,,1,"52,65",,,10,65,,,,,,"65,38",,,,,,60
SE,89,1,,,r,,,1,"52,65",,,10,65,,,,e,,"65,38",,,,,,"60,65"
SE,90,1,l,,,,38,1,"52,65",,,10,"65,38",,,,e,51,"65,38",,,,,,65
SE,91,1,,,,,38,1,,,,10,"65,38",,,16,e,"51,65","65,38",52,,,,,"38,65"
SE,92,,,,,,"38,65",1,"52,65",,,10,"65,38",,,e,"41,e","51,65","65,38",,,e,55,65,38
SE,93,,,,,,"38,65",1,"52,65",l,,,"65,38",,,,41,"51,65","65,38",,,,55,65,38
SE,94,,55,,,90,"38,65",1,65,,,,"65,38",1,,,"41,10","51,65","65,38",,,,"55,89",,38
SE,95,44,55,,44,,"38,65",1,65,,,,"65,38",,,e,"e,10","51,65","65,38",,,,,,38
SE,96,,r,,,,"38,65",,65,,,,"65,38",,,,e,"51,65",65,,,e,,,60
SE,97,,,l,,52,"38,65",,65,,,,38,,,,e,"51,65",65,,,,,,60
SE,98,,,,,52,"38,65",,"44,65",,52,,38,1,,,e,"51,65",,,,,,,60
SE,99,,r,l,,,"38,65",,,,52,,38,,,16,,"51,65",,,,89,,,"65,44"
SE,100,l,r,,l,,"38,65",,,,"52,38",,38,1,,e,,"51,65",16,,52,92,e,,44
SE,101,l,,l,,,"38,65",,l,,"52,38",,38,1,,,e,"51,65",16,,,,,,44
SE,102,l,,,,l,"38,65",,52,,44,,38,1,55,,,"51,65",,,,"e,82",e,,44
SE,103,l,,,90,l,"38,65",1,52,,,,,,,,,65,,,,,,,44
SE,104,52,,l,,l,65,1,99,51,,,,65,,16,,"51,65",,,,"e,16",,,
SE,105,52,l,65,90,,65,1,99,51,44,,,"52,65",,e,1,65,,,,,10,,16
SE,106,52,,,,,65,1,l,51,44,,l,"52,65",,e,,65,,,,,10,,44
SE,107,l,16,,,,,1,l,,l,,l,65,52,,96,65,19a,,,"e,29",,,65
SE,108,l,,,,,,1,,,,,l,65,52,e,41,"51,65",,51,,,,,65
SE,109,,,,,2,,1,,,44,,l,,52,,41,"51,65",,51,,"68,83,16",,,60
SE,110,,,,,"2,52",,,,,,l,l,,,,,"51,65",,51,,"9,83,16",,,65
SE,111,,,,,"2,52",,,,l,,,"16,1",,,,,51,,51,,9,,,"65,60"
SE,112,44,"44,90",,,52,,r,,l,,,1,,,,,65,,"51,38",,9,,,65
SE,113,16,89,,,l,,,,,,,l,,44,,,,,"51,38",,9,,,52
SE,114,,l,,44,,,,,44,,,l,,44,,,,,"51,38",,9,,,52
SE,115,,l,,,,,,l,,,,1,,44,,,,,"51,38",,9,,90,52
SE,116,92,l,r,,44,44,1,,,,l,1,,44,,,,,"51,38",,"9,95",,,52
SE,117,,,,,44,44,1,,,,,1,,44,,,,16,51,,95,10,,
SE,118,l,r,,r,44,,1,l,,,,,,,,,,16,51,52,95,10,52,19a
SE,119,l,,,,44,44,l,,,g,,,,,,65,,16,51,,95,10,52,
SE,120,l,,,,l,,1,,,"g,16",,,,,,65,,,51,,95,10,52,l
SE,121,l,1,,,l,,1,l,,16,l,,,,,65,,16,"51,95",,9,,52,l
SE,122,l,1,,,l,,1,,,16,,16,,,16,65,,,95,,9,,,l
SE,123,r,1,,,l,,1,,,"44,16",,,,,16,65,,,,,29,,,
SE,124,"44,16",44,r,,l,,1,,,16,,65,,,16,,,,,,29,,,
SE,125,16,1,,r,l,,1,l,,1,,16,,,,,,,,52,17,,,90
SE,126,r,44,,,l,44,1,,52,,,16,,,,,,,,,17,,,
SE,127,1,1,,,l,44,1,r,52,,,l,,,,,,,16,,29,,,"90,65"
SE,128,1,r,l,,41,,1,r,,44,,l,,44,,e,,,16,,17,,,65
SE,129,1,1,l,,41,,1,,,1,,l,,44,,,,,,,,,,65
SE,130,"1,65",1,l,,65,,,l,,44,,,,,,,,,,,95,,,65
SE,131,"1,65",1,,,65,,,l,,44,,,,,,,,16,,,"95,17",,,65
SE,132,"1,65","1,89",l,,65,,,,,44,,,,,16,,,,,,17,,2,65
SE,133,"1,65",1,,41,65,,,,,44,,,,,,e,l,,,,17,,2,52
SE,134,"1,65",1,,41,65,,l,l,,44,,,,,,,92,,,,"10,17",,2,52
SE,135,"1,65",1,,41,"65,89",,,l,,"44,52",,,,65,,,,,,,"10,89,17",,2,
SE,136,"1,65",,1,41,65,,l,l,,,,,,,,,,e,,,"10,e",,2,
SE,137,"1,38,65",1,1,41,65,,,l,l,,,,,,16,65,,16,,,"10,e",,,
SE,138,"1,38,65",1,38,41,l,65,l,l,l,,,,,,,65,l,,,,,,,
SE,139,"1,38,65",1,"1,38",,41,65,l,l,l,,,,,,,65,,,,,,10,,
SE,140,"1,16,65",1,"38,52",l,41,65,l,,l,,,,,,,"65,e",,,,,,10,51,
SE,141,1,,l,,"41,52","1,65",l,,l,"44,89",,,,,,,,,,,e,,51,
SE,142,1,l,"38,41,52",,"41,52","1,65",l,l,,,,,,,16,,,,,,,99,,l
SE,143,16,,"38,52",,41,"1,65",,65,,44,,44,,,,e,,,,,,,,l
SE,144,l,l,38,,41,,,65,l,,,44,,,,e,44,16,,,e,,,
SE,145,16,16,,,41,,,65,,,,44,,,,e,,16,,,,,,
SE,146,,,,,41,l,l,65,52,,,92,,,,,,,,,,,,
SE,147,l,,,,41,52,r,65,52,,,,,,51,,,,,,84,,,
SE,148,16,,,,,52,,"52,65",52,,,92,,,51,,,,,,,10,,16
SE,149,16,,,,l,52,,,,52,l,92,,,,,,,,,,10,,
SE,150,l,,l,,"41,44",,,,,,,,,,,e,65,,,,,,,16
SE,151,,,,,44,l,l,,,52,,,,19a,,,65,,,,,99,65,l
SE,152,,,,,41,,,,,52,,1,100,,,,65,,,,,,,
SE,153,,88,,,52,44,l,,,52,l,,100,,,,65,,,,,9,,
SE,154,1,,,,52,,,l,,52,l,1,100,,,,65,,16,,,,,
SE,155,,65,,44,"41,52",,l,,,,l,,,,,,65,,,,,10,,
SE,156,1,65,,44,41,,l,52,,52,,1,,,,,"65,51",,,,,10,51,65
SE,157,1,65,,44,41,,,52,,52,,"44,65",,92,,,"65,51",,,,,,,"51,65,52"
SE,158,1,65,,44,41,,,52,,,l,65,,"44,17",,,"65,51",,,,,10,,"51,65"
SE,159,1,65,52,44,"41,90",44,,l,,,l,65,,,,,65,e,,,,,,"51,65"
SE,160,l,65,,44,41,,,52,,52,,65,,,,,65,,,,,89,,"51,65"
SE,161,,,l,,41,,,52,,,,65,,,44,,65,e,,,10,,,"51,65"
SE,162,1,,,,41,l,,52,,,,65,,,,,,e,,,89,,,"51,65"
SE,163,1,,,44,41,l,65,52,,,,65,,,,,,,,92,,99,,"51,65"
SE,164,1,,l,,41,,l,,"52,96",,,"65,44",,,,,,,,,30,,,"51,65"
SE,165,1,,r,41,41,,65,,"52,96",,,"65,44",,47,,,,19a,,,"30,g",,,
SE,166,l,,,41,,,65,,"52,96",,,44,,,,,,,,,30,55,,
SE,167,l,l,l,41,l,,l,,,,,,,68,,,,,,,"52,30",,,16
SE,168,1,,l,41,l,,l,52,52,,,l,,,,,,,,55,52,,,65
SE,169,1,89,l,41,41,,l,52,52,,,,,,,,44,,,55,52,68,,65
SE,170,1,,l,41,41,,,,,,,l,,,,,,,,,,,,65
SE,171,1,,l,41,41,l,,,,,,,,,,,44,,,,,,,65
SE,172,1,,l,,41,,,,,,,,,,,,,,,,,89,,65
SE,173,1,,l,,41,l,,,,l,,,,,,,,65,,,e,"89,e",,65
SE,174,"1,44",52,l,,"25,41",,l,,,65,,,,,,,l,65,,,,,,16
SE,175,"1,44",52,,,25,44,l,,,44,,,,,16,,44,65,,,99,,,
SE,176,44,,,,l,,l,,,65,,l,,,,,l,65,,,,,,
SE,177,l,,,,l,l,44,,,65,,l,,65,,,44,"65,51",,,,,,60
SE,178,1,,,,,l,,,65,52,,,,65,,,44,"65,51",,,,,,"60,65"
SE,179,l,,,"41,44",l,,,l,65,52,,,,,,,"44,92",65,,38,,,,"60,65"
SE,180,l,l,,,44,l,,l,65,52,,,,65,,,,"65,51",,38,,,,"60,65"
SE,181,52,,,,44,,,,l,52,,,,65,,,,"65,51",,38,52,,,65
SE,182,52,,,,44,,,,,,l,,,65,,,,"65,51",,,52,,,65
SE,183,"52,88",r,,,44,,,,,,,,,65,51,,,"65,51",,,,,,"60,65"
SE,184,88,r,,,,3,,,l,,,65,,65,,,,"65,51",,,,,,60
SE,185,"38,88",,,,,,,l,65,,l,65,,,e,,,"65,51",65,,,,,"60,36"
SE,186,38,,52,,l,,,l,,,,65,,,,,44,"65,51",65,,17,,,
SE,187,38,"16a,88",,,,,,,"65,44",,,65,"38,52",,e,,44,16,65,,,55,,
SE,188,38,,52,,,52,,l,"65,44",,,65,"38,52",,,,,16,65,,17,16,,
SE,189,1,r,,,,52,,l,,44,,65,"38,52",,,,44,16,65,,17,,,"60,51"
SE,190,1,r,,,,l,44,,,44,96,"65,51","38,65",,,,19a,16,"65,51",,,,,
SE,191,l,,,,,,l,52,,,,65,"38,65",,,,,16,"65,51",,,,,
SE,192,89,,r,,90,l,,,,,,65,"38,65",,,,,,65,,16,,,
SE,193,"89,41",,,,"41,90",52,l,l,,44,,65,"38,65",29,55,,,,,,,,,l
SE,194,41,l,,41,l,l,l,l,,,,,"38,65",,,,,,51,,,,,60
SE,195,l,65,,41,l,52,,,,44,,l,"38,65",,,,,"65,69",51,,16,,,
SE,196,l,"65,38",,41,,52,,,,,,l,65,16,,,,65,,16,g,,,44
SE,197,l,"65,38",,41,,l,l,,,,,l,65,,,e,88,65,,16,,55,,
SE,198,98,"65,38",,41,,,,,,,,l,,,90,,16,65,,,2,,,
SE,199,98,"65,38",,41,,,,,,,96,44,,65,,16,16,"65,81",,,,,,
SE,200,98,"65,38",,41,,,,,,,,44,,65,,,16,65,,,2,,,
SE,201,"98,41","65,38",,41,,,,,52,,,l,,65,,,16,"65,16",,,,,,
SE,202,"98,41","65,38",,41,r,1,l,,52,,,,1,65,,,16,"65,16",,,,,49,l
SE,203,"98,41","65,38",,l,,1,l,,52,,,65,1,65,,,l,"65,16",,,,10,29,
SE,204,"98,41",,,l,,1,l,,52,,,65,,65,,,,"65,16",,,,10,,
SE,205,l,r,,l,,1,,l,52,,,65,,65,,,,"65,16",,,,"10,16",,
SE,206,44,r,,41,52,1,,,,,,65,44,,,,,"65,16",,,,,,
SE,207,l,,,41,"41,52",1,1,,,,,l,,,,65,l,,,,,,,
SE,208,l,,,41,41,1,1,l,,,,l,,,,65,l,,,,,,,
SE,209,l,,,41,,1,1,,,1,,l,,,,,,,,23,,,,
SE,210,l,,,41,,,1,l,,1,,,38,16,,,,,,16,,,,
SE,211,44,65,,41,,44,,l,,"1,44",,16,38,16,,,65,16,,,,,,
SE,212,l,65,,41,,,l,l,,1,,,"38,65",,,,65,,,,52,,,
SE,213,41,65,,41,r,l,,l,,1,,65,"38,65",,,,65,,,16,,,,
SE,214,l,65,l,41,l,,,l,,,,"65,38","38,52",,,,"65,51",,,,,,1,52
SE,215,41,65,,41,2,,,l,,,,"65,38",52,,e,,"65,51",,,,,,,52
SE,216,41,65,,41,2,l,l,,,,,"65,38",,,,,"65,51",,,,,10,41,52
SE,217,41,65,,41,2,l,1,,,,,"65,38",92,52,,,"65,51",16,,,,10,"1,41",52
SE,218,41,"65,38",,41,,l,l,,,,l,"65,38",,,,,"65,51",16,,,99,,"1,41",52
SE,219,41,,,41,,,,,,52,,"65,38",,,,,"65,51",16,,,,,41,52
SE,220,41,,52,41,,,,,,52,1,"65,38",,,,,"65,51",,52,,,,"1,41",52
SE,221,"41,1",,52,41,g,,,,,52,,"65,38",,,,,"65,51",,,,,,1,52
SE,222,l,,,41,g,,,,,52,,"65,38",,,,,"65,51",,,,,,1,
SE,223,l,,,41,2,,,l,,52,,"65,38",,,,,"65,51",,,,,,1,
SE,224,1,,,41,2,,,,,,,"65,38",52,,,,65,16,,,,,,
SE,225,1,,,41,r,,,,,,1,"65,38",,,,,65,16,,,,,,1
SE,226,1,,,41,r,l,,,44,65,,"65,38",,,,,65,38,,,,,51,1
SE,227,1,,,41,65,,l,,,65,,"65,38",,,,,65,"38,86",,,,38,51,1
SE,228,"1,41",,,41,65,l,,,l,"65,52",1,"65,38",,52,,,,"38,86",,,,38,"51,6",1
SE,229,1,,,41,65,l,l,,44,,1,38,,52,,,,"38,86",55,,,38,"51,6",
SE,230,1,38,,41,65,l,,,,,"1,52",38,,,,,,"38,86",,,,"38,28,65",51,
SE,231,1,38,,41,65,,l,52,l,,52,"65,38",,,,,,86,,,89,"38,65",51,l
SE,232,1,38,,41,65,,l,52,,,52,"65,38",,,,,,,,,,"38,65",51,
SE,233,1,,,41,65,,l,52,l,,,65,,,,,,16,,90,,"38,65","51,65",l
SE,234,1,16,,41,"41,65",,,52,,,52,"65,61",,,,,l,16,,,,65,65,
SE,235,1,,,41,41,,,,,,,61,,,,,l,,,,,65,65,41
SE,236,1,,,41,,,l,,,,,61,,,,,l,,,,,65,65,41
SE,237,1,,,41,,,l,,,,,61,,,,,,52,,,,65,,41
SE,238,1,,,41,,,l,,,,l,61,,,,,l,,,,,,,41
SE,239,1,,,41,55,,l,,,,,61,,,,1,,,,,,,,41
SE,240,1,,52,41,l,,,,,,,61,,30,,1,,"9,16",,,,,,41
SE,241,1,,52,41,,,,,51,,,61,,,,1,44,"9,16",,,,,,
SE,242,1,55,52,41,,16,,l,51,,,61,,,,1,,16,,,,,,
SE,243,1,"55,1",,41,41,,,l,51,,,61,,,,1,,16,,,,,,"90,65"
SE,244,1,55,,41,41,"1,19a",,l,51,,,61,,,,1,,16,1,,52,10,,65
SE,245,1,,52,41,"41,65",1,,l,51,,,"52,61",,,,1,,16,1,,52,10,,65
SE,246,1,,52,41,65,1,l,l,l,r,,"52,61,65",,,,1,44,16,1,,,,,65
SE,247,1,,52,41,65,,l,,l,,,"65,61",,,,1,,"e,16",,,52,,,"41,65"
SE,248,1,,,41,65,,,,,,,"65,61",38,,,1,,16,,,52,,,"41,65,60"
SE,249,1,,,41,65,,l,,,,44,"65,61",38,52,,1,,16,,,,,,60
SE,250,1,,,41,65,49,,52,,,,"65,61",38,52,,1,,,,,,,52,
SW,1,l,,,,,,,,52,,,88,,,65,,,,,52,,,,"1,65"
SW,2,l,,r,65,,,,,,,52,l,,,65,98,,,,52,,100,,1
SW,3,l,,,65,,,,,l,,52,16,,,65,98,,,,52,,100,,"1,16"
SW,4,l,,,65,,44,,,,,52,16,,,65,98,,,,52,,100,,"1,88"
SW,5,r,l,,65,,44,,,,,,,,44,65,98,l,,16,52,,100,,"1,88"
SW,6,,l,,65,,44,,44,,,,16,,,,98,,,,52,,,,"52,88"
SW,7,l,l,,,,44,,,,,,,,,,98,,,,52,,,,"52,88"
SW,8,,l,,,l,,l,,,,,16,,,,98,,,,,,,,"52,88"
SW,9,,l,,17,41,,,92,,,,44,,,,98,,,,,,,,"52,88"
SW,10,r,l,,,l,,,,65,,,44,,1,,,,,,,,,,52
SW,11,,l,,17,,,,,65,,,"44,16",,1,92,,65,,16,,,,,"52,65"
SW,12,,,,,,38,,,65,,,44,,,92,,65,,16,,,,,65
SW,13,19a,,,,,,l,,65,96,,44,,,,,65,,16,,51,,,65
SW,14,l,,,92,,38,,,65,65,,44,,52,,,65,,16,,51,,,65
SW,15,19a,,,l,,52,,,65,,,44,,52,,,65,,16,,51,,,
SW,16,,,,l,,l,,,65,,,44,52,1,,52,"65,51",,16,,51,,,
SW,17,52,,,l,,,,,,,,44,52,1,,,"65,51",90,,10,51,,,
SW,18,52,,,98,,52,,,,,,44,,1,,,65,,,10,51,,,
SW,19,52,,,98,,52,52,16,,,,44,,,e,90,65,,,10,,89,,
SW,20,l,,,98,,52,52,,,,,16,,,e,,65,,,10,,,,
SW,21,l,,,98,,52,,,l,,44,16,,,e,,65,,,,,,,92
SW,22,19a,,,"65,98",r,52,,,,,44,,,,,,65,,,16,,,,
SW,23,l,,,"65,98",,r,,l,,92,,,,,65,,65,,,16,,,,
SW,24,19a,,,"65,98",,r,52,92,l,68,,"92,16",,,65,52,65,,16,"16,52",,55,,
SW,25,l,,,98,,,52,,l,,l,44,,,65,52,65,,,16,,,,
SW,26,41,,l,98,,,,,,,l,44,,,65,52,65,,,16,,,,
SW,27,41,,,98,,,,,,,l,44,,,65,,65,,,16,16,52,98,
SW,28,"52,41",,38,98,,52,,r,,,,"16,10",,,,,65,,,16,16,,98,
SW,29,52,,38,98,,52,,,,,,16,,,,,65,,"16,68",16,16,89,98,
SW,30,52,,38,,,,,,,,,16,,,,16,"65,52",,,,"16,51",,98,65
SW,31,r,"1,16",38,,,r,,,,,,92,,,,,,,,,"16,51",,98,65
SW,32,17,,38,,,,,,,,,44,,,,,,,,,"16,51",,98,"65,44"
SW,33,"10,52",,38,,,,,,,,,"44,92",,,,,,,,,"16,51",,98,44
SW,34,52,,38,90,,,52,,,,,92,,,,,,,,,51,89,98,44
SW,35,52,,,,,,52,65,,,,l,,,,,,,,,51,89,98,
SW,36,52,1,,,,,,65,,l,,"16,44",,,,,,,,,,,98,
SW,37,,1,m,,,,,65,,,,"16,44",,,,,,,,,,,98,
SW,38,,1,m,,44,,l,65,l,65,,44,,,65,,,,,19,,,98,
SW,39,41,1,"16,m",,,,,65,,65,,44,,,65,,,,,,,,98,
SW,40,,1,"16,m",,,,,"38,65",,65,,"44,16",,,65,,,,,19a,,52,,
SW,41,r,"1,44",m,,44,,,38,,65,,16,,1,65,,X,,,,,52,,51
SW,42,r,l,m,,44,,,38,l,65,,16,,1,,,X,,,,,52,,"51,65"
SW,43,,l,m,,,,,"38,65",l,65,,16,,1,,,X,,,92,,52,,"51,65"
SW,44,30,,m,,,,,65,52,65,,,,1,,,"X,g",,,16,,"52,89",,"51,65"
SW,45,,,m,,,,l,65,52,90,,,,,,,X,,,16,,89,,65
SW,46,,,"44,m",,,,l,65,,,,16,,,,,X,,,16,,89,,65
SW,47,,,m,,,,,,,81,52,16,,,,,X,1,58,16,,,,16
SW,48,,,m,,44,,,,,l,52,16,,,,,l,1,"58,65",16,16,,,
SW,49,30,l,m,1,44,,,,r,,,92,,,,,,,"16,65",16,16,52,,16
SW,50,l,,m,1,,,,,,44,,92,,,,,,,65,16,,,,16
SW,51,30,,m,,,,l,l,,,,,,,,,,,65,,,,,16
SW,52,65,l,m,,,,l,,,52,,,65,,,,,1,65,,,,1,
SW,53,65,,m,,,,l,"1,92",,52,,,65,,,,,1,"65,58,57",,,,,65
SW,54,65,,m,92,,,,,,52,,,65,,,,,,65,,16,,,65
SW,55,65,,m,,,,l,,,,,16,65,,65,,44,,65,,,,,16
SW,56,65,,m,,44,,65,l,,44,,,65,,65,,44,,65,,,,,
SW,57,65,,m,,,,,,l,,,,,,65,,44,,65,,51,29,,
SW,58,65,,m,,,,,,,,,,,,65,,44,16,65,,51,,,
SW,59,65,,m,44,44,44,,,,,,,,,65,,,,65,,51,23,,16
SW,60,65,,m,,,44,,72,,,,,,,65,,,,"65,58",,51,,,16
SW,61,19a,,m,10,,44,52,,,,,,,,65,,,,65,,51,16,,16
SW,62,,44,m,10,,,52,,,44,,,,,65,,44,,,,51,,,
SW,63,,r,m,10,,,,,,,,,,,65,,44,,,,"51,65","16,e",,
SW,64,,r,m,10,,,,,,44,,16,,,65,92,,65,,52,55,,,
SW,65,,,m,,44,,l,,l,44,,16,,,65,,,65,,52,55,e,,16
SW,66,,,m,,44,44,,,,,,65,,,65,,,65,,52,,16a,,16
SW,67,,,m,44,,"38,65",,,,,,65,,,,e,44,65,,,90,,,
SW,68,l,r,m,,,"38,65",,,,,,65,,,,,44,"65,51",,,,16,,
SW,69,l,l,m,,,"38,65",,,52,44,,65,,,,,,"65,51",,,,84,1,
SW,70,,l,m,,44,"38,65",,,52,,1,65,,,,,44,51,16,,,16,1,65
SW,71,,41,m,,44,"38,65",52,16,52,,,16,,,55,,44,,"15,65",,,16,1,65
SW,72,l,41,"91,m",,44,"38,65",52,,52,,,16,,,55,,l,,"15,65",,,16,,65
SW,73,l,41,m,,,"38,65",52,,52,,,16,,,55,,l,,65,,,16,,65
SW,74,,41,m,,44,"38,65",,92,52,,,,,,,,l,,"65,15",16,68,,,65
SW,75,41,l,m,44,l,65,52,92,52,,,,,,,e,,,"65,16",,"68,e",16,,65
SW,76,41,l,m,,,65,52,92,,r,,l,,,,,l,,65,,,,"38,65","65,44"
SW,77,41,l,m,,,65,52,92,,65,,,,,,,51,,"65, *",,16,,"38,65","65,44"
SW,78,41,l,,10,,65,l,92,52,65,,,,100,,,l,,65,,,16,"38,65","65,87"
SW,79,41,,,10,,,,,52,"65,38",52,,,,16,,51,,65,,"16,55",68,"38,65",
SW,80,41,16,,10,41,,52,,,"65,38",52,65,,,19a,,51,,"65,16",,,,"38,65",
SW,81,l,l,,l,41,,52,,,"65,38",,65,,,,,51,,65,,,29,"38,65",
SW,82,,l,,52,l,,"52,90",,,65,,65,38,,16a,,51,,,,,,"38,1",l
SW,83,l,l,,52,,,,,,65,,65,38,,,,51,,,,,,1,16
SW,84,,,,,,,l,,,65,52,65,38,,,5,51,,,,,9,1,
SW,85,,,,,,44,,16,,65,52,65,38,,65,,51,,*,,,9,1,87
SW,86,r,38,,,,44,52,,,65,52,65,,,65,,l,,*,,,,1,
SW,87,,38,,,,,52,92,,65,52,65,65,,38,,44,,*,,,9,1,
SW,88,,38,,,,,52,92,,l,52,65,65,,"90,38,65",,16,,*,52,,29,1,
SW,89,,38,,,,,65,,52,l,,"65,44",65,,"90,65",,l,,,52,,92,1,
SW,90,,l,,,90,,65,,52,,52,44,,,"65,38",,,1,,,,,1,
SW,91,,l,,44,90,2,65,16,52,,,44,,,"65,38",,16,1,,,,,1,
SW,92,l,l,,44,,2,65,92,52,92,,44,,,"65,38",,44,1,,,52,,1,
SW,93,16,l,l,,44,2,65,92,52,l,,,,,65,,44,,,,,,1,l
SW,94,l,l,,l,,2,65,92,52,,,,,,6538,,44,,16,,,"16,57",1,44
SW,95,,l,,,,2,,16,,,,"92,16",,,65,,44,,16,,,,1,44
SW,96,17,l,16,,,2,,16,,,,16,,,,,44,,16,,,16,1,
SW,97,,l,,,96,2,,55,,,,,,,,,92,,16,,"55,52",,1,44
SW,98,92,l,16,,96,"1,2,41",l,55,l,,,,,,,16,92,,16,,55,,1,44
SW,99,92,l,,41,,"1,41",,55,,,,,,52,,,,,16,,,29,1,
SW,100,r,65,,41,,"1,41",,55,,,,"16,68",,52,65,,,,,,,16,1,
SW,101,,65,,41,,"1,41",52,,,,,l,,52,65,,44,,92,,,16,1,
SW,102,,65,,41,,"1,41",,55,,,,,,,65,,,,"16,56",,,16,1,
SW,103,l,65,l,41,,41,,55,52,,,l,,,65,,,,"16,56",,,,1,
SW,104,,65,,,,41,,55,"52,65",,,81,,,65,,16,,"16,56",9a,1,,,
SW,105,l,65,,,96,41,l,44,,,,l,,,,,l,,"16,56",,,,,l
SW,106,"19a,16",,,,96,"41,52",r,,,,,l,92,65,,,,,16,,,,,
SW,107,"19a,16",l,,,,52,52,,,,,,,,,,,,16,,52,,,44
SW,108,"19a,16",l,44,,,52,,,52,,,52,,,65,e,,,16,,55,,,44
SW,109,l,l,r,l,l,,,,52,,,52,,,65,e,,,16,,55,16,,16
SW,110,17,16,,,,,r,r,52,,,52,65,,65,e,,,16,,,,,16
SW,111,"19a,17",16,,,,,,16,52,,,16,,55,65,,,,16,,,,,16
SW,112,92,,,,,,,,,,,16,,55,65,,,,16,,,,,44
SW,113,,,,52,,44,,,,,,16,,55,65,,,,16,,,,,
SW,114,92,,,52,44,"41,65",r,,52,,,16,,55,,,44,,16,,,89,,16
SW,115,92,"16,2",,52,90,"41,65",,,52,,,16,,,72,,l,,16,,,,,
SW,116,,2,,44,,"41,65",l,65,52,,,16,,,,,,,16,,,89,,
SW,117,l,"2,41",,,,"41,65",,65,,,r,16,,,38,,44,,16,,,,,
SW,118,92,"2,41",16,92,,"41,65",,65,,38,,16,,,38,,44,,16,,100,,,
SW,119,l,"2,41",16,,,"41,65",l,65,,38,l,16,,,"38,69",,,,16,,,,,65
SW,120,l,"2,41",16,,,"41,65",l,65,,"38,51",l,16,,,"38,16",,l,,16,16,,,,65
SW,121,,"2,41",16,,52,"41,65",,,,38,,16,,,"38,16",16,44,,16,,,,,65
SW,122,,"2,41",,,52,"9,38",l,,l,38,100,16,,,16,,44,,16,38,,,,65
SW,123,,"2,41",,,52,"9,38",,,,38,100,"16,38",,,,e,44,,16,38,,,,65
SW,124,,"2,44",,44,,9,,,,38,100,"16,38",,,,,44,,16,38,,,,65
SW,125,l,"2,16",,,,,65,,65,"38,65",100,19,,,,,44,,16,38,,,,
SW,126,,l,,,,,"38,65",,65,38,,"92,16",,,72,,44,,16,100,,89,,
SW,127,,r,,,,,"38,65,88",16,,"38,65",,92,,,,55,,"51,65",16,,100,89,,
SW,128,,r,,,,,"65,38",16,,"38,44",,16,,,,,,"51,65",16,,100,,,
SW,129,,65,16,l,,,65,16,"65,52",38,,16,,,,,,"51,65",16,,,,,
SW,130,92,65,,90,10,,65,,65,38,65,16,,52,,,65,65,16,,,,65,
SW,131,,65,,,10,,65,,65,,65,16,,52,,,,65,16,,,,65,
SW,132,l,65,16,90,l,,,r,65,,,16,,52,,,l,65,16,,,,52,
SW,133,,65,16,,,44,,r,65,44,,"16,92",,,,,l,65,16,,,,65,
SW,134,,65,,,,,,92,65,,,"16,92",,,,,l,65,16,,,89,"65,52",
SW,135,,65,,,,,,16,r,,,"16,92",,,,e,,,16,,,89,"65,52,38",
SW,136,,65,,92,,,,r,r,,,"16,92",,,,,,,16,,,10,,
SW,137,,,,,,,,92,,,,"72,16,98",,,,,,,16,,1,"e,10",,
SW,138,,,,,,,,92,,,,72,,,,,,90,16,,,e,,
SW,139,19a,,16,44,96,,52,92,r,51,,"72,16",,,,,,,16,,,"e,23",,
SW,140,l,88,38,,,,l,92,,"51,100",,16,,,69,e,,,16,,1,,,l
SW,141,,88,"38,65",,,,l,,,51,,92,,,,e,,,16,,,,,l
SW,142,,88,"38,65",,,,,,,51,,l,,,,e,,,"16,65",,,89,,65
SW,143,,"88,41",65,90,96,,,,,51,,,,,,,l,,65,,,,,65
SW,144,"19a,82",41,65,,96,,,16,,"51,65",,"l,92",,,89,e,l,,65,,,,52,65
SW,145,,41,65,,,,,,,51,,,,,,,,16,65,,,,52,65
SW,146,92,41,65,,"3,96",,,,,"51,65",,,52,,89,,,16,,,,,,65
SW,147,,41,,16,68,,65,,,"51,65",,,52,,,,,,,,,,,65
SW,148,,41,,,96,,65,,,"51,65",l,,,,,,,,,,,,,65
SW,149,,"30,41",,,,,65,16,,"51,65",l,44,,,,,,,16,,,,52,65
SW,150,89,l,,,,,65,,,"51,65",52,44,,,,,,,16,,,,,65
SW,151,,,,,14,,65,,,65,52,,,,,,,,16,,,,,
SW,152,19a,,,,,,65,,,,52,,,,,,,,16,,,89,,48
SW,153,,,,,,,,92,,,,,1,,,,,,"16,e",,,,,
SW,154,19a,,,,,,,72,,,,,1,,,,,16,"16,e",,,,,16
SW,155,,,92,,,,,,,,,,1,,,,,,,,,,,
SW,156,r,l,,,96,,,72,r,,,,1,,,,,16,,e,,,,16
SW,157,,,,,,38,,,,,44,,1,,,,,,,,,,1,16
SW,158,,38,,,,"38,41",65,,,,,,,,,,,1,,,,16,1,16
SW,159,,38,,,,41,65,92,,,,90,,,,,,1,,,,,1,
SW,160,44,"38,65",,,,41,65,,,,,90,,,,,,1,,,,,,"52,16"
SW,161,,65,,,,"38,41",65,,,51,,,,,,,,,51,,,,,
SW,162,l,65,16,,,"38,41","17,65",,,51,,,,,,,,,,,,16,,
SW,163,,65,"16,92",,,41,17,92,,,65,44,,,,,,,"65,16",,,,,
SW,164,l,65,16,44,,41,l,,,,65,,,,,,,,"65,16",,,,,
SW,165,"19a,92",65,,,,41,,,,,"51,65",,,,,e,,,,,,16,,16
SW,166,l,65,,,,,,,,44,65,,,,,,,,,,,87,,
SW,167,l,65,,,,6,65,,,,65,,,,,,,,,,,,,
SW,168,16,65,16,90,96,,l,17,,,,,,,,,,,,,100,17,,"44,19a"
SW,169,,l,16,,96,92,65,,,,,,,,,,,,,,100,87,,"44,65"
SW,170,l,16,,,,,65,92,,,,,,,,,,,,,100,,,"44,65"
SW,171,19a,l,16,,3,,65,92,,,,,,,,,,,,,100,,,"44,65"
SW,172,16,,,,,,65,92,,,,l,,,,,,,,,,,,"44,65,16"
SW,173,16,38,44,90,,,,92,,,,,,,,,,,,,,,,16
SW,174,"16,92",38,,,,,,,,,,,,,,,,,16,,8,,,
SW,175,16,38,,,,92,,,,,,,,,,52,,,,,,,10,72
SW,176,l,38,,,,92,1,,,,,,,,,52,,,65,,,,10,
SW,177,l,"38,41",,44,,68,,,,,,,52,,,51,,52,65,,,52,,16
SW,178,92,"38,65,41",,,,"52,68",l,,65,,,,52,,,51,,,65,,,,,16
SW,179,"16,92","38,65",,44,,"52,68","1,92",,65,,,,,,,51,,,,,,,,
SW,180,"16,92","38,65",,,,52,1,,65,,,,,,,51,,,,,,,,
SW,181,16,65,16,92,10,,,,"65,51",67,,,,,,,,,,,,,12,
SW,182,92,41,,,10,,,92,"65,51",,,,,,,,,,,,,,,16
SW,183,,41,,,10,52,1,,"65,51",,,,,,,,,,,,,,,16
SW,184,19a,41,92,,,52,,48,65,,,,,,,,,,,38,,e,90,
SW,185,,41,,,10,,1,,65,l,,,,,,,44,,60,38,,87,,
SW,186,92,41,16,90,10,,,,"65,51",,,,,,,,"51,65",,60,38,,89,,16
SW,187,19a,l,,,10,,65,,"65,51",,,,,,,,"51,65",,60,,,,,16
SW,188,,l,17,,10,52,65,,"65,51",,,,,,,,"51,65",,60,,,,,16
SW,189,16a,38,,,,52,65,,"65,51",,,,,,92,,"51,65",90,16,,,"89,52",e,16
SW,190,,38,17,,,,65,,65,,,,,,,,"51,65",,60,38,,89,,
SW,191,,38,,,,,65,,65,44,,,,,92,,"51,65",,,,,,,
SW,192,92,38,,,,,65,16,65,,l,,52,,92,e,"51,65",,,,,,,
SW,193,69a,l,,,,,65,,65,51,,,52,,,,"51,65",,,e,,89,,
SW,194,92,l,41,,,,,,65,,,52,52,65,,,65,,,,,,,60
SW,195,"16,92",l,41,,,,,,l,,,52,,65,,,,,,,,,,60
SW,196,92,,41,,,,,16,,,,,,65,,,,,,,,52,,l
SW,197,,l,"1,41",,,,l,,,,,,,65,,,65,,,,,52,,16
SW,198,,l,,44,96,,,,,,,l,,,,,65,,,,,87,,l
SW,199,92,30,,,96,,,16,,,,,,,,,65,,,,,,,l
SW,200,19a,,1,90,,,,,,,,,,52,,,,,,,,87,,
SW,201,l,,1,44,96,,r,,,l,51,,52,52,69,,l,,,,55,,,
SW,202,r,8,41,,96,l,r,,,,51,,,52,,,,,,,,,,
SW,203,,8,41,,,52,,,,,51,,,,,51,,,,51,,,,
SW,204,,,41,92,,52,l,,,,51,l,,,,,,,,51,,,,
SW,205,,44,,,,52,r,1,,,51,,,,,,65,,,,,,"65,38",
SW,206,,44,,,,,,1,,,51,19,,,,,,,,,,,"65,38",
SW,207,,,90,,,,90,r,,,51,44,,,,,65,,,,,,"65,38",
SW,208,65,44,,,,,90,,,,51,l,,,,,"65,51",,,,,,"65,38",
SW,209,65,l,16,,,,90,,,,51,,,52,,65,"65,51",,,,1,,"65,38",
SW,210,65,,r,,,,,,38,l,51,,,52,,,"65,51",,51,,1,,"65,38",
SW,211,65,,,,,,,,38,65,51,,,,,,"65,51",,51,,1,,65,
SW,212,65,r,,,,,l,,65,65,51,,,,,,51,,51,,1,,65,
SW,213,,,16,,,92,,,65,"65,51",51,l,,,,,,,51,,55,,65,l
SW,214,,,16,,,,44,,65,"65,51",51,l,,,,,,,51,,,,65,l
SW,215,19a,,16,,,,r,,"51,65","65,51","51,65",,,,,,,,16,,,89,65,l
SW,216,,,16,,,52,,,"51,65","65,51","51,65",l,,,,,,,16,,,89,59,l
SW,217,92,"31,52",92,,,52,,,"51,65",,"51,65",,,,,,,,"51,16",,,38,"59,38",65
SW,218,,52,,,l,,,,65,,"51,65",l,,,,,,,51,,,38,,65
SW,219,92,52,89,92,,,,,65,,"52,65",,,,,,,,51,,,38,16,65
SW,220,,,,92,,,,,65,,"51,65",,,55,52,,,16,51,,,38,16,65
SW,221,92,,,,,,,,,,52,96,,55,,,l,,51,,,,16,65
SW,222,,,,,,,,,,,g,l,,55,,,l,51,51,,,,16,65
SW,223,,41,,,14,,65,,,,,44,,55,,,,51,51,,,,16,65
SW,224,92,41,,,,,65,,,55,1,1,,55,,,,51,51,,,,,65
SW,225,16,41,r,,,,65,,,,1,1,,"55,65",,,,,65,,,,,65
SW,226,16,41,,,,,65,"16,92",,,1,1,,55,,,,65,65,,,,,65
SW,227,16,,16,,10,,65,,,,"1,65",8,,,,,,"51,65",65,,,,,65
SW,228,92,41,16,,,,65,l,,,"1,65",,,,52,,,"51,65","60,65",,,,,65
SW,229,92,41,16,,,,65,16,,,"1,65",,,,52,,,"51,65","60,65",,m,,,65
SW,230,19a,41,"16,92",,g,,65,"1,16",,,"1,65",,,,52,,,,"60,65",51,m,,,l
SW,231,19a,41,16,90,g,,,1,,,"1,44,65",,,,52,,,,65,51,m,,,l
SW,232,,"16,41",16,90,g,,,1,,96,"1,44",,,,52,,,,65,51,"m,65",,,
SW,233,,16,l,90,g,,,1,,96,"1,44,65",,,,,,,16,,51,m,,,l
SW,234,l,l,41,,,,1,1,,,l,l,16,,,,,,,51,m,,,l
SW,235,16,l,41,,,,1,1,,,,,16,,,,,,16,,m,16,,16
SW,236,"92,17",l,41,90,,,1,"1,92",,,1,,16,,,,,,92,,m,,89,9
SW,237,,r,41,,,,1,"1,92",,,,,,,,96,l,,,,m,,,
SW,238,,l,41,90,,,l,,,,"44,99",19a,16,,92,,,,60,,m,,,90
SW,239,,,,90,,,l,,,,,,16,,17,,,,60,e,,,38,"90,9"
SW,240,l,l,,,,,l,,,,,,,,17,,,e,60,,,,38,
SW,241,l,l,41,44,,l,l,,,,,,,,17,,,e,60,,,1,,90
SW,242,92,,41,,,19a,41,,,,,44,,,17,,l,,60,,55,,,"90,52"
SW,243,,52,41,,,,41,92,10,,,44,,"100,65,52",,,,,65,,55,1,38,52
SW,244,16,l,41,,,,41,92,10,,,44,"52,17","100,65",68,,l,16,65,,55,1,38,"52,92"
SW,245,r,l,41,90,,,"1,41",,,,,44,17,65,"92,e",,,16,"65,60",,,1,,65
SW,246,,16,41,90,,,41,16,,96,,44,16,65,"92,68",,,,60,,,,,l
SW,247,l,16,41,,,,1,16,,,,,"16,17",,68,,,,"60,65",,,1,,l
SW,248,,16,41,,,,1,,,,44,l,16,,92,,,,"60,65",,,1,,16
SW,249,,r,41,,,,,92,,,44,44,16,,92,,l,,65,,,1,,16
SW,250,92,l,,,,l,,,,,l,44,,,,,,,,,,1,,16
